method,scenario,mechanism,rate,participant,RMSE,MAE,R2
LOCF,MCAR_RandomSensorFailures,MCAR,10,501,0.6730101320580265,0.40389437752603674,0.6614605131671532
LinInterp,MCAR_RandomSensorFailures,MCAR,10,501,0.5087577809480025,0.32143497406538923,0.8065413043486717
LOCF,MCAR_RandomSensorFailures,MCAR,20,501,0.7153602046136911,0.4249326839173946,0.6000060555392634
LinInterp,MCAR_RandomSensorFailures,MCAR,20,501,0.5509446021995985,0.3342263138920738,0.7627426212020602
LOCF,MCAR_RandomSensorFailures,MCAR,30,501,0.8048833193983143,0.4659028517380626,0.5194265220632954
LinInterp,MCAR_RandomSensorFailures,MCAR,30,501,0.592649581214822,0.351721695327983,0.7394507012009901
LOCF,MCAR_ConnectionIssues,MCAR,10,501,0.6120850415412336,0.39378573869505096,0.7280310236892344
LinInterp,MCAR_ConnectionIssues,MCAR,10,501,0.46754860473114135,0.3067126345919458,0.8413100713133705
LOCF,MCAR_ConnectionIssues,MCAR,20,501,0.6885217306606769,0.45737280559875115,0.6104341667128335
LinInterp,MCAR_ConnectionIssues,MCAR,20,501,0.499640191502895,0.32356905118279705,0.7948553057461832
LOCF,MCAR_ConnectionIssues,MCAR,30,501,0.8840660650181561,0.5539621091255016,0.44949781201622896
LinInterp,MCAR_ConnectionIssues,MCAR,30,501,0.6118427323655203,0.37508829171922614,0.7363248389118783
LOCF,MAR_ActivityDependent,MAR,10,501,0.5443066630078419,0.25239533682834636,0.8273741935436125
LinInterp,MAR_ActivityDependent,MAR,10,501,0.41908146266833285,0.20371388701218837,0.8976670907067348
LOCF,MAR_ActivityDependent,MAR,20,501,0.563673278781807,0.27666830969373,0.8089355415463046
LinInterp,MAR_ActivityDependent,MAR,20,501,0.46826137878119245,0.23010260853995343,0.868143454923672
LOCF,MAR_ActivityDependent,MAR,30,501,0.563673278781807,0.27666830969373,0.8089355415463046
LinInterp,MAR_ActivityDependent,MAR,30,501,0.46826137878119245,0.23010260853995343,0.868143454923672
LOCF,MAR_BatteryDepletion,MAR,10,501,1.6161143600377321,1.1711705488679538,-1.4646532824473377
LinInterp,MAR_BatteryDepletion,MAR,10,501,1.6161143600377321,1.1711705488679538,-1.4646532824473377
LOCF,MAR_BatteryDepletion,MAR,20,501,1.1089571790125083,0.7652294174898004,-0.037260430928136135
LinInterp,MAR_BatteryDepletion,MAR,20,501,1.1089571790125083,0.7652294174898004,-0.037260430928136135
LOCF,MAR_BatteryDepletion,MAR,30,501,1.0302488140690662,0.6686916958892711,0.11133068016710734
LinInterp,MAR_BatteryDepletion,MAR,30,501,1.0302488140690662,0.6686916958892711,0.11133068016710734
LOCF,MNAR_ValueDependent,MNAR,10,501,0.8085712548641164,0.35824330581596353,0.8339020309797746
LinInterp,MNAR_ValueDependent,MNAR,10,501,0.7972952699351943,0.34944448254681687,0.8385023892802905
LOCF,MNAR_ValueDependent,MNAR,20,501,0.8826437896966323,0.39988960324129075,0.8004916313555188
LinInterp,MNAR_ValueDependent,MNAR,20,501,0.8242512039030836,0.3954146729248822,0.8260159812761247
LOCF,MNAR_ValueDependent,MNAR,30,501,0.9068407306898381,0.42756099314871204,0.7821125978151663
LinInterp,MNAR_ValueDependent,MNAR,30,501,0.837200187307182,0.4053820885741359,0.8142928101671314
LOCF,MNAR_RangeLimitation,MNAR,10,501,0.8211707342187299,0.4718050323673917,0.8041304736888665
LinInterp,MNAR_RangeLimitation,MNAR,10,501,0.8999789396322558,0.5433842206912742,0.7647310359855709
LOCF,MNAR_RangeLimitation,MNAR,20,501,1.2430132542075627,0.7681168453265218,0.4767117000006371
LinInterp,MNAR_RangeLimitation,MNAR,20,501,1.3001633469848988,0.8450066831234243,0.42748701286980373
LOCF,MNAR_RangeLimitation,MNAR,30,501,1.0908608587702866,0.6718643656210924,0.535794817097905
LinInterp,MNAR_RangeLimitation,MNAR,30,501,1.1634394129567633,0.7493277949033874,0.47196974077631426
LOCF,MCAR_RandomSensorFailures,MCAR,10,502,0.7106227001918063,0.38652281297410224,0.48967140432422906
LinInterp,MCAR_RandomSensorFailures,MCAR,10,502,0.4997360323334994,0.27519000404447136,0.7476210786028572
LOCF,MCAR_RandomSensorFailures,MCAR,20,502,0.7731629648919368,0.41682163611365936,0.37874886209713665
LinInterp,MCAR_RandomSensorFailures,MCAR,20,502,0.5374220024100866,0.29670708343202057,0.699837801868022
LOCF,MCAR_RandomSensorFailures,MCAR,30,502,0.8053412592182189,0.4477016589986314,0.3124799865578435
LinInterp,MCAR_RandomSensorFailures,MCAR,30,502,0.5498910411510635,0.3120223671527451,0.6794625819223251
LOCF,MCAR_ConnectionIssues,MCAR,10,502,0.586052049375295,0.3174367079816201,0.41661496415839516
LinInterp,MCAR_ConnectionIssues,MCAR,10,502,0.5183679934418134,0.2887844443909416,0.543585678311568
LOCF,MCAR_ConnectionIssues,MCAR,20,502,0.5917820243046815,0.32060359790459164,0.5207581089141119
LinInterp,MCAR_ConnectionIssues,MCAR,20,502,0.4521793658527479,0.2482687719337821,0.7201967749487213
LOCF,MCAR_ConnectionIssues,MCAR,30,502,0.575959875681189,0.32247512961324865,0.5615253634222195
LinInterp,MCAR_ConnectionIssues,MCAR,30,502,0.4401147694557069,0.24857809540385822,0.743969382236342
LOCF,MAR_ActivityDependent,MAR,10,502,0.49829889057016463,0.2305423895969924,0.7365316963000142
LinInterp,MAR_ActivityDependent,MAR,10,502,0.38920503799267436,0.17909956668471752,0.8392668553973299
LOCF,MAR_ActivityDependent,MAR,20,502,0.5821963966319424,0.2663056076798821,0.6515072530357686
LinInterp,MAR_ActivityDependent,MAR,20,502,0.44192596346256435,0.2118502839518429,0.7992046032832456
LOCF,MAR_ActivityDependent,MAR,30,502,0.5821963966319424,0.2663056076798821,0.6515072530357686
LinInterp,MAR_ActivityDependent,MAR,30,502,0.44192596346256435,0.2118502839518429,0.7992046032832456
LOCF,MAR_BatteryDepletion,MAR,10,502,0.9383019369730723,0.5984643612991934,-0.5786325410862716
LinInterp,MAR_BatteryDepletion,MAR,10,502,0.9383019369730723,0.5984643612991934,-0.5786325410862716
LOCF,MAR_BatteryDepletion,MAR,20,502,0.7784318726215483,0.5008617983695124,-0.10188693420859041
LinInterp,MAR_BatteryDepletion,MAR,20,502,0.7784318726215483,0.5008617983695124,-0.10188693420859041
LOCF,MAR_BatteryDepletion,MAR,30,502,0.8488713873501037,0.5451586993541941,-0.2066734650638098
LinInterp,MAR_BatteryDepletion,MAR,30,502,0.8488713873501037,0.5451586993541941,-0.2066734650638098
LOCF,MNAR_ValueDependent,MNAR,10,502,0.7787168263436507,0.3871889074421173,0.6330253855069627
LinInterp,MNAR_ValueDependent,MNAR,10,502,0.6748114861571975,0.32678874424558424,0.7244237173343173
LOCF,MNAR_ValueDependent,MNAR,20,502,0.7551559314771497,0.38399349358207097,0.6843305405473765
LinInterp,MNAR_ValueDependent,MNAR,20,502,0.6967438145475633,0.3508007494307376,0.731276569884789
LOCF,MNAR_ValueDependent,MNAR,30,502,0.74585540190371,0.3948236715095316,0.684632793202955
LinInterp,MNAR_ValueDependent,MNAR,30,502,0.6766702541590977,0.3587735690711097,0.7404258598887961
LOCF,MNAR_RangeLimitation,MNAR,10,502,0.8182869064301089,0.45845491543875005,0.7416673927928734
LinInterp,MNAR_RangeLimitation,MNAR,10,502,0.8749219188541034,0.5404633344937543,0.7046706452035592
LOCF,MNAR_RangeLimitation,MNAR,20,502,1.0437408149125087,0.6660936917711596,0.513834746084272
LinInterp,MNAR_RangeLimitation,MNAR,20,502,1.0602745386411598,0.7030376056503339,0.49831022667829905
LOCF,MNAR_RangeLimitation,MNAR,30,502,0.9682240590083341,0.6104723567898442,0.4888157431780147
LinInterp,MNAR_RangeLimitation,MNAR,30,502,0.9871097600129477,0.6506247775603613,0.4686794395286912
LOCF,MCAR_RandomSensorFailures,MCAR,10,503,0.5968818203540613,0.32928398159903605,0.7517073255038644
LinInterp,MCAR_RandomSensorFailures,MCAR,10,503,0.4387693128839285,0.24904264126101727,0.8658286791539679
LOCF,MCAR_RandomSensorFailures,MCAR,20,503,0.500016542172235,0.26663215425098985,0.8278150105210172
LinInterp,MCAR_RandomSensorFailures,MCAR,20,503,0.4601254708016355,0.24108115285848167,0.8541927586815353
LOCF,MCAR_RandomSensorFailures,MCAR,30,503,0.5975136063680636,0.31007385129884957,0.7499399563405805
LinInterp,MCAR_RandomSensorFailures,MCAR,30,503,0.5767594549124225,0.3105076795986427,0.7670095343092267
LOCF,MCAR_ConnectionIssues,MCAR,10,503,0.4208844603293523,0.23680720568067698,0.8345451846804927
LinInterp,MCAR_ConnectionIssues,MCAR,10,503,0.40670147878046614,0.2142066287680647,0.845508307256193
LOCF,MCAR_ConnectionIssues,MCAR,20,503,0.5378242055999692,0.2729669187501278,0.7806423910357521
LinInterp,MCAR_ConnectionIssues,MCAR,20,503,0.4200169028690087,0.22020988476669032,0.8662155766185362
LOCF,MCAR_ConnectionIssues,MCAR,30,503,0.6182827321394809,0.31151116889555586,0.7111756614459822
LinInterp,MCAR_ConnectionIssues,MCAR,30,503,0.5004901029933528,0.26742734634746973,0.8107436149486711
LOCF,MAR_ActivityDependent,MAR,10,503,0.4340104830514219,0.18622702182887804,0.835130121405849
LinInterp,MAR_ActivityDependent,MAR,10,503,0.3778660628951301,0.1680656902644318,0.8750268673601961
LOCF,MAR_ActivityDependent,MAR,20,503,0.5564114364236039,0.23812816107133533,0.7283753011559295
LinInterp,MAR_ActivityDependent,MAR,20,503,0.4491163980941889,0.20034705253969617,0.8230319006151692
LOCF,MAR_ActivityDependent,MAR,30,503,0.5564114364236039,0.23812816107133533,0.7283753011559295
LinInterp,MAR_ActivityDependent,MAR,30,503,0.4491163980941889,0.20034705253969617,0.8230319006151692
LOCF,MAR_BatteryDepletion,MAR,10,503,0.7746480108641887,0.4540121437054805,-0.4798456176844559
LinInterp,MAR_BatteryDepletion,MAR,10,503,0.7746480108641887,0.4540121437054805,-0.4798456176844559
LOCF,MAR_BatteryDepletion,MAR,20,503,1.5310511476939592,0.956023291425141,-1.2376882003839196
LinInterp,MAR_BatteryDepletion,MAR,20,503,1.5310511476939592,0.956023291425141,-1.2376882003839196
LOCF,MAR_BatteryDepletion,MAR,30,503,1.347669449056823,0.8400894210261729,-0.2925686870109936
LinInterp,MAR_BatteryDepletion,MAR,30,503,1.347669449056823,0.8400894210261729,-0.2925686870109936
LOCF,MNAR_ValueDependent,MNAR,10,503,0.5897773562198614,0.2696825312611825,0.8565027204162693
LinInterp,MNAR_ValueDependent,MNAR,10,503,0.4960227960340695,0.2307954678440435,0.8984988994213741
LOCF,MNAR_ValueDependent,MNAR,20,503,0.6154295213699211,0.27082598011825254,0.8442676630161421
LinInterp,MNAR_ValueDependent,MNAR,20,503,0.5468731449292638,0.254602080600334,0.8770310838190846
LOCF,MNAR_ValueDependent,MNAR,30,503,0.6308410597149846,0.27937299925967707,0.8385255400058519
LinInterp,MNAR_ValueDependent,MNAR,30,503,0.572996643477597,0.2659948659907047,0.8667804103736427
LOCF,MNAR_RangeLimitation,MNAR,10,503,0.8927409508204271,0.46652612004843114,0.733474855973473
LinInterp,MNAR_RangeLimitation,MNAR,10,503,0.79249752136481,0.4580146482883981,0.7899691458951709
LOCF,MNAR_RangeLimitation,MNAR,20,503,0.8881668130116741,0.4875516435133325,0.6998566750578772
LinInterp,MNAR_RangeLimitation,MNAR,20,503,0.8181438582514842,0.47614921741993993,0.7453175872792601
LOCF,MNAR_RangeLimitation,MNAR,30,503,1.1115430401052149,0.6412417169034297,0.48698457428222075
LinInterp,MNAR_RangeLimitation,MNAR,30,503,1.103542506507779,0.6562282679361482,0.49434304071792234
LOCF,MCAR_RandomSensorFailures,MCAR,10,504,0.5356181905602001,0.2590084038462976,0.6483242379140692
LinInterp,MCAR_RandomSensorFailures,MCAR,10,504,0.4873940137337617,0.25282124656981647,0.7087994554287185
LOCF,MCAR_RandomSensorFailures,MCAR,20,504,0.6707761611717605,0.34965778703335126,0.5127792290476456
LinInterp,MCAR_RandomSensorFailures,MCAR,20,504,0.5180032265465749,0.277308491316241,0.7094402287403325
LOCF,MCAR_RandomSensorFailures,MCAR,30,504,0.6986109247127084,0.3733152150824876,0.46637978190809704
LinInterp,MCAR_RandomSensorFailures,MCAR,30,504,0.515029429733087,0.2843084176801809,0.7099815529047517
LOCF,MCAR_ConnectionIssues,MCAR,10,504,0.6588979275484762,0.34240186729976957,0.6134967506559407
LinInterp,MCAR_ConnectionIssues,MCAR,10,504,0.6641378359000685,0.3576436611305951,0.6073249464332282
LOCF,MCAR_ConnectionIssues,MCAR,20,504,0.7831438533240365,0.45061954026975237,0.3323378870428281
LinInterp,MCAR_ConnectionIssues,MCAR,20,504,0.6225886959454018,0.36941578365303107,0.5780353130849444
LOCF,MCAR_ConnectionIssues,MCAR,30,504,0.7093905249484527,0.3904809013152464,0.4372215989988033
LinInterp,MCAR_ConnectionIssues,MCAR,30,504,0.5494367774021135,0.31019473232876904,0.6624002574901344
LOCF,MAR_ActivityDependent,MAR,10,504,0.4353296394189011,0.2261261466915141,0.7587884895395685
LinInterp,MAR_ActivityDependent,MAR,10,504,0.39003655292813294,0.20418821682615407,0.8063702105791886
LOCF,MAR_ActivityDependent,MAR,20,504,0.45992473145950735,0.24240429028317012,0.7366150830568818
LinInterp,MAR_ActivityDependent,MAR,20,504,0.41197187843314814,0.217830253613852,0.7886742020703235
LOCF,MAR_ActivityDependent,MAR,30,504,0.45992473145950735,0.24240429028317012,0.7366150830568818
LinInterp,MAR_ActivityDependent,MAR,30,504,0.41197187843314814,0.217830253613852,0.7886742020703235
LOCF,MAR_BatteryDepletion,MAR,10,504,1.101141975293337,0.7001548081468486,-0.3379351431100408
LinInterp,MAR_BatteryDepletion,MAR,10,504,1.101141975293337,0.7001548081468486,-0.3379351431100408
LOCF,MAR_BatteryDepletion,MAR,20,504,1.166504997195168,0.7824625701826315,-0.5445416403135979
LinInterp,MAR_BatteryDepletion,MAR,20,504,1.166504997195168,0.7824625701826315,-0.5445416403135979
LOCF,MAR_BatteryDepletion,MAR,30,504,1.0914724488069854,0.6831207866194918,-0.33499763876984745
LinInterp,MAR_BatteryDepletion,MAR,30,504,1.0914724488069854,0.6831207866194918,-0.33499763876984745
LOCF,MNAR_ValueDependent,MNAR,10,504,0.6286058087601991,0.33313520624823556,0.7644001815169809
LinInterp,MNAR_ValueDependent,MNAR,10,504,0.5521480051033117,0.29784937064837846,0.8182270788351095
LOCF,MNAR_ValueDependent,MNAR,20,504,0.6648610502322256,0.34260083325333934,0.7346575678827937
LinInterp,MNAR_ValueDependent,MNAR,20,504,0.599337512857027,0.3067719055671764,0.784380593883746
LOCF,MNAR_ValueDependent,MNAR,30,504,0.6425961146897325,0.35117011625970845,0.7372429033332843
LinInterp,MNAR_ValueDependent,MNAR,30,504,0.5698279193192634,0.3159668610231246,0.7933831614795441
LOCF,MNAR_RangeLimitation,MNAR,10,504,1.157890922997611,0.6155680584112618,0.4598220752887898
LinInterp,MNAR_RangeLimitation,MNAR,10,504,1.1272470980151255,0.6376932581346216,0.48803557381624274
LOCF,MNAR_RangeLimitation,MNAR,20,504,1.018039465207958,0.5788213845409862,0.4659811850007066
LinInterp,MNAR_RangeLimitation,MNAR,20,504,1.0145832771608783,0.6209669817565023,0.4696009591550665
LOCF,MNAR_RangeLimitation,MNAR,30,504,0.9314774819730384,0.5481508084656435,0.4820480640912652
LinInterp,MNAR_RangeLimitation,MNAR,30,504,0.9341962085789837,0.574072490486433,0.4790201331619428
LOCF,MCAR_RandomSensorFailures,MCAR,10,505,0.7438043021107222,0.3750000677772033,0.4043084634633045
LinInterp,MCAR_RandomSensorFailures,MCAR,10,505,0.5925198141439494,0.32583395955582767,0.6219843207883933
LOCF,MCAR_RandomSensorFailures,MCAR,20,505,0.7803509223838346,0.3914832669028296,0.32985713186578236
LinInterp,MCAR_RandomSensorFailures,MCAR,20,505,0.5791070098639526,0.3117733246366386,0.6309330567894447
LOCF,MCAR_RandomSensorFailures,MCAR,30,505,0.74664334261409,0.3864550740813595,0.38072123821686066
LinInterp,MCAR_RandomSensorFailures,MCAR,30,505,0.6033353473692767,0.32843556734409085,0.5956314863321626
LOCF,MCAR_ConnectionIssues,MCAR,10,505,0.7222780007037174,0.3459771089058319,0.501308861630177
LinInterp,MCAR_ConnectionIssues,MCAR,10,505,0.5661873307023532,0.268064501970015,0.6935616107979458
LOCF,MCAR_ConnectionIssues,MCAR,20,505,0.8841983385582796,0.4691405772071004,0.24656525649821215
LinInterp,MCAR_ConnectionIssues,MCAR,20,505,0.6559383903575713,0.33865521131337845,0.5853588945669466
LOCF,MCAR_ConnectionIssues,MCAR,30,505,0.8235945413104544,0.45126520568862727,0.23553274331046525
LinInterp,MCAR_ConnectionIssues,MCAR,30,505,0.6347396810891744,0.33512798373824426,0.5459295202367934
LOCF,MAR_ActivityDependent,MAR,10,505,0.592375217635488,0.22921219154969102,0.59036779606011
LinInterp,MAR_ActivityDependent,MAR,10,505,0.4899357924290399,0.19338787419124903,0.7197932029419093
LOCF,MAR_ActivityDependent,MAR,20,505,0.6058672714998902,0.246111188473327,0.5760809189124798
LinInterp,MAR_ActivityDependent,MAR,20,505,0.522033977004857,0.211098864521528,0.6852791467284081
LOCF,MAR_ActivityDependent,MAR,30,505,0.6058672714998902,0.246111188473327,0.5760809189124798
LinInterp,MAR_ActivityDependent,MAR,30,505,0.522033977004857,0.211098864521528,0.6852791467284081
LOCF,MAR_BatteryDepletion,MAR,10,505,0.7390419266147623,0.45170446772401696,-0.22907009271943046
LinInterp,MAR_BatteryDepletion,MAR,10,505,0.7390419266147623,0.45170446772401696,-0.22907009271943046
LOCF,MAR_BatteryDepletion,MAR,20,505,0.6521879054163395,0.4052284395941938,-0.011908769731100222
LinInterp,MAR_BatteryDepletion,MAR,20,505,0.6521879054163395,0.4052284395941938,-0.011908769731100222
LOCF,MAR_BatteryDepletion,MAR,30,505,1.097329234135466,0.7380671771051904,-1.5560775374127265
LinInterp,MAR_BatteryDepletion,MAR,30,505,1.097329234135466,0.7380671771051904,-1.5560775374127265
LOCF,MNAR_ValueDependent,MNAR,10,505,0.6349572573927543,0.26883904512575596,0.7486709955343454
LinInterp,MNAR_ValueDependent,MNAR,10,505,0.7257106745504358,0.31164767281560946,0.6716926160604454
LOCF,MNAR_ValueDependent,MNAR,20,505,0.910986423776947,0.3636010680787181,0.537468757601238
LinInterp,MNAR_ValueDependent,MNAR,20,505,0.8148337908889569,0.34686008497630216,0.629954331510337
LOCF,MNAR_ValueDependent,MNAR,30,505,0.9012919813786266,0.39125509088683597,0.5423197480561028
LinInterp,MNAR_ValueDependent,MNAR,30,505,0.824637574006713,0.3725751614476195,0.6168600856811912
LOCF,MNAR_RangeLimitation,MNAR,10,505,1.0156665957730862,0.491810118970876,0.4971503180080099
LinInterp,MNAR_RangeLimitation,MNAR,10,505,0.943852013002354,0.5013398810673492,0.5657461732588369
LOCF,MNAR_RangeLimitation,MNAR,20,505,0.8639846533167914,0.4434493492790182,0.5710387416523932
LinInterp,MNAR_RangeLimitation,MNAR,20,505,0.8312752449458853,0.48022590951072464,0.6029038200815808
LOCF,MNAR_RangeLimitation,MNAR,30,505,0.8693129627799425,0.5082876829776151,0.49889584939099685
LinInterp,MNAR_RangeLimitation,MNAR,30,505,0.8510632358593063,0.5299732918577679,0.5197146393885133
LOCF,MCAR_RandomSensorFailures,MCAR,10,506,0.3949261240770378,0.20646011686423735,0.8286307346551431
LinInterp,MCAR_RandomSensorFailures,MCAR,10,506,0.37308466984411787,0.19623006918624172,0.847061784929059
LOCF,MCAR_RandomSensorFailures,MCAR,20,506,0.5003188830783195,0.2603106999155335,0.7561512169771145
LinInterp,MCAR_RandomSensorFailures,MCAR,20,506,0.4478295140983411,0.23531893880429489,0.8046325408725933
LOCF,MCAR_RandomSensorFailures,MCAR,30,506,0.5835733061701822,0.31423805584803566,0.6648575375079234
LinInterp,MCAR_RandomSensorFailures,MCAR,30,506,0.503877190636616,0.2730711508063759,0.7501450150680296
LOCF,MCAR_ConnectionIssues,MCAR,10,506,0.6671201625907126,0.40102654083131034,0.46742111220627003
LinInterp,MCAR_ConnectionIssues,MCAR,10,506,0.4535977865638002,0.2833482086803715,0.7537832092427219
LOCF,MCAR_ConnectionIssues,MCAR,20,506,0.5235157498634749,0.2831570591246586,0.7306523907693607
LinInterp,MCAR_ConnectionIssues,MCAR,20,506,0.4537636418663562,0.25106009600712803,0.7976454328534903
LOCF,MCAR_ConnectionIssues,MCAR,30,506,0.6056303396824649,0.32085465728745427,0.6475427651104575
LinInterp,MCAR_ConnectionIssues,MCAR,30,506,0.45623021781656325,0.25663994097859905,0.7999865152381365
LOCF,MAR_ActivityDependent,MAR,10,506,0.4249793032873892,0.20164164326932824,0.8360473302950695
LinInterp,MAR_ActivityDependent,MAR,10,506,0.3547890036624141,0.1703641833916054,0.8857323662488569
LOCF,MAR_ActivityDependent,MAR,20,506,0.4372932459316721,0.20585329516195366,0.8227095255197281
LinInterp,MAR_ActivityDependent,MAR,20,506,0.3673010137114526,0.17705070809431575,0.8749210816472494
LOCF,MAR_ActivityDependent,MAR,30,506,0.4372932459316721,0.20585329516195366,0.8227095255197281
LinInterp,MAR_ActivityDependent,MAR,30,506,0.3673010137114526,0.17705070809431575,0.8749210816472494
LOCF,MAR_BatteryDepletion,MAR,10,506,1.0089914274752758,0.6659422743682477,-0.8916839846531319
LinInterp,MAR_BatteryDepletion,MAR,10,506,1.0089914274752758,0.6659422743682477,-0.8916839846531319
LOCF,MAR_BatteryDepletion,MAR,20,506,0.9704317375999497,0.5900726962092856,-0.3631289672274087
LinInterp,MAR_BatteryDepletion,MAR,20,506,0.9704317375999497,0.5900726962092856,-0.3631289672274087
LOCF,MAR_BatteryDepletion,MAR,30,506,0.6887217697919209,0.4178343802377441,0.34163148045197256
LinInterp,MAR_BatteryDepletion,MAR,30,506,0.6887217697919209,0.4178343802377441,0.34163148045197256
LOCF,MNAR_ValueDependent,MNAR,10,506,0.43214855483104897,0.26067513318892926,0.9120220169787577
LinInterp,MNAR_ValueDependent,MNAR,10,506,0.40975637289510447,0.24657688991315171,0.9209031287690206
LOCF,MNAR_ValueDependent,MNAR,20,506,0.4812784032257303,0.266351483337374,0.891167016270574
LinInterp,MNAR_ValueDependent,MNAR,20,506,0.5127070204418791,0.2713095193818369,0.8764888069176913
LOCF,MNAR_ValueDependent,MNAR,30,506,0.5282220724204618,0.2927476137093227,0.862762626833492
LinInterp,MNAR_ValueDependent,MNAR,30,506,0.5344242981440644,0.29652529078328266,0.8595209058045636
LOCF,MNAR_RangeLimitation,MNAR,10,506,0.6481122197433447,0.37503488581552774,0.8222169399578978
LinInterp,MNAR_RangeLimitation,MNAR,10,506,0.6448864857215323,0.3927190885735996,0.8239822321574445
LOCF,MNAR_RangeLimitation,MNAR,20,506,0.9117139213800322,0.49812908591198374,0.61797761183692
LinInterp,MNAR_RangeLimitation,MNAR,20,506,0.9177845611540538,0.5236320080872096,0.6128732887121295
LOCF,MNAR_RangeLimitation,MNAR,30,506,0.8135336818769139,0.4641567577507163,0.6529716125361745
LinInterp,MNAR_RangeLimitation,MNAR,30,506,0.8320433103094365,0.4969398642224849,0.6370006962624719
LOCF,MCAR_RandomSensorFailures,MCAR,10,507,0.6233245233972357,0.3515716970090642,0.5874201647125805
LinInterp,MCAR_RandomSensorFailures,MCAR,10,507,0.5430530894633498,0.3007062744597261,0.6868415402036825
LOCF,MCAR_RandomSensorFailures,MCAR,20,507,0.6075203391708635,0.32511356772148525,0.5996249076554887
LinInterp,MCAR_RandomSensorFailures,MCAR,20,507,0.5167154486901099,0.2782673942985115,0.7103668285510879
LOCF,MCAR_RandomSensorFailures,MCAR,30,507,0.611066174728451,0.3242418979257066,0.5949379531509114
LinInterp,MCAR_RandomSensorFailures,MCAR,30,507,0.48750543909957644,0.25531922519050393,0.7421874850186572
LOCF,MCAR_ConnectionIssues,MCAR,10,507,0.7799017956656914,0.4222274461882798,0.24648046773536436
LinInterp,MCAR_ConnectionIssues,MCAR,10,507,0.5297430182290792,0.27933801057538254,0.6523476599283669
LOCF,MCAR_ConnectionIssues,MCAR,20,507,0.5869562214060062,0.3131240145017594,0.5794990389346111
LinInterp,MCAR_ConnectionIssues,MCAR,20,507,0.48971998003457384,0.2470125791177268,0.7072807940119847
LOCF,MCAR_ConnectionIssues,MCAR,30,507,0.5666465907169509,0.30655842762862956,0.6356081070476248
LinInterp,MCAR_ConnectionIssues,MCAR,30,507,0.4628896175838757,0.24913363851626885,0.7568361417920211
LOCF,MAR_ActivityDependent,MAR,10,507,0.5361791923723797,0.2522015405789019,0.7163038516786093
LinInterp,MAR_ActivityDependent,MAR,10,507,0.5369602601364343,0.23768704134816934,0.7154767128611882
LOCF,MAR_ActivityDependent,MAR,20,507,0.5657861166391099,0.261104564309464,0.686776304830775
LinInterp,MAR_ActivityDependent,MAR,20,507,0.507118325963189,0.24018561775575248,0.7483663912084808
LOCF,MAR_ActivityDependent,MAR,30,507,0.5657861166391099,0.261104564309464,0.686776304830775
LinInterp,MAR_ActivityDependent,MAR,30,507,0.507118325963189,0.24018561775575248,0.7483663912084808
LOCF,MAR_BatteryDepletion,MAR,10,507,0.8458583590611649,0.4418563648300745,-0.2619340846120948
LinInterp,MAR_BatteryDepletion,MAR,10,507,0.8458583590611649,0.4418563648300745,-0.2619340846120948
LOCF,MAR_BatteryDepletion,MAR,20,507,0.8779874559194182,0.601400103323077,-0.27206068832809893
LinInterp,MAR_BatteryDepletion,MAR,20,507,0.8779874559194182,0.601400103323077,-0.27206068832809893
LOCF,MAR_BatteryDepletion,MAR,30,507,0.8458615350430512,0.5426821187686198,-0.1948963510656525
LinInterp,MAR_BatteryDepletion,MAR,30,507,0.8458615350430512,0.5426821187686198,-0.1948963510656525
LOCF,MNAR_ValueDependent,MNAR,10,507,0.8846855705807656,0.4129587421552077,0.6873203358747999
LinInterp,MNAR_ValueDependent,MNAR,10,507,0.7499275231586151,0.3650154106575595,0.7753221108916535
LOCF,MNAR_ValueDependent,MNAR,20,507,0.9182757668430912,0.4483668963636693,0.6710836789410214
LinInterp,MNAR_ValueDependent,MNAR,20,507,0.791137944128145,0.3983613278193972,0.7558573772109209
LOCF,MNAR_ValueDependent,MNAR,30,507,0.9749904708053249,0.5018958989227279,0.6292598318740479
LinInterp,MNAR_ValueDependent,MNAR,30,507,0.8617486564168004,0.46619570628044066,0.710378945613753
LOCF,MNAR_RangeLimitation,MNAR,10,507,0.9081540436892293,0.5120126685376467,0.6717640145940643
LinInterp,MNAR_RangeLimitation,MNAR,10,507,0.950222661075372,0.5589539332802894,0.6406497785699312
LOCF,MNAR_RangeLimitation,MNAR,20,507,0.9633017397217486,0.5888087150313841,0.5501543017041814
LinInterp,MNAR_RangeLimitation,MNAR,20,507,1.0037520802314517,0.6446438282558669,0.5115818443889455
LOCF,MNAR_RangeLimitation,MNAR,30,507,0.9545124318295024,0.5983743416589509,0.4766628753908093
LinInterp,MNAR_RangeLimitation,MNAR,30,507,0.9981779033491175,0.6568130464647638,0.42768613285890467
LOCF,MCAR_RandomSensorFailures,MCAR,10,508,0.6948534003685796,0.36405636884831694,0.3587648917978412
LinInterp,MCAR_RandomSensorFailures,MCAR,10,508,0.5512574214780975,0.28494354172882286,0.5964105391455267
LOCF,MCAR_RandomSensorFailures,MCAR,20,508,0.6971569099652114,0.3837443167709977,0.30180188345660175
LinInterp,MCAR_RandomSensorFailures,MCAR,20,508,0.5058515272579754,0.28669027304385364,0.6324099634339846
LOCF,MCAR_RandomSensorFailures,MCAR,30,508,0.8051857740634784,0.46067637779291926,0.11801821346916164
LinInterp,MCAR_RandomSensorFailures,MCAR,30,508,0.5905560630292608,0.3423504154320666,0.525550825240483
LOCF,MCAR_ConnectionIssues,MCAR,10,508,0.6484050845266207,0.38420854032699187,0.44758204727345274
LinInterp,MCAR_ConnectionIssues,MCAR,10,508,0.4897334473789877,0.2807035179543935,0.6848665582110616
LOCF,MCAR_ConnectionIssues,MCAR,20,508,0.614445415349566,0.3344843891185084,0.5377412806602896
LinInterp,MCAR_ConnectionIssues,MCAR,20,508,0.4914819482096418,0.26828149298099074,0.7042439496800366
LOCF,MCAR_ConnectionIssues,MCAR,30,508,0.6120325921861548,0.336143432473221,0.5384901408349229
LinInterp,MCAR_ConnectionIssues,MCAR,30,508,0.48861427491943704,0.27094376833419076,0.7058531615580004
LOCF,MAR_ActivityDependent,MAR,10,508,0.3351292895470859,0.17295477801175604,0.8755439081404431
LinInterp,MAR_ActivityDependent,MAR,10,508,0.31418007497986333,0.152165526317539,0.8906172933835073
LOCF,MAR_ActivityDependent,MAR,20,508,0.41084126367317175,0.2028396209268387,0.8171037242599788
LinInterp,MAR_ActivityDependent,MAR,20,508,0.3707572787690974,0.1768363439219346,0.8510515043470112
LOCF,MAR_ActivityDependent,MAR,30,508,0.41084126367317175,0.2028396209268387,0.8171037242599788
LinInterp,MAR_ActivityDependent,MAR,30,508,0.3707572787690974,0.1768363439219346,0.8510515043470112
LOCF,MAR_BatteryDepletion,MAR,10,508,0.7136695659433177,0.3940896012844915,-0.43710327208203226
LinInterp,MAR_BatteryDepletion,MAR,10,508,0.7136695659433177,0.3940896012844915,-0.43710327208203226
LOCF,MAR_BatteryDepletion,MAR,20,508,0.5656621572442129,0.38159841430240293,0.10124819885414538
LinInterp,MAR_BatteryDepletion,MAR,20,508,0.5656621572442129,0.38159841430240293,0.10124819885414538
LOCF,MAR_BatteryDepletion,MAR,30,508,0.7516410921034654,0.4515348080276097,-0.4509779477038751
LinInterp,MAR_BatteryDepletion,MAR,30,508,0.7516410921034654,0.4515348080276097,-0.4509779477038751
LOCF,MNAR_ValueDependent,MNAR,10,508,0.710436941596729,0.3650116926863922,0.71376432669198
LinInterp,MNAR_ValueDependent,MNAR,10,508,0.6779670318347797,0.34142732660217734,0.7393307288546618
LOCF,MNAR_ValueDependent,MNAR,20,508,0.6879296350787278,0.362508227388159,0.7445472663991161
LinInterp,MNAR_ValueDependent,MNAR,20,508,0.6793165792677808,0.34621272867355335,0.7509038901757732
LOCF,MNAR_ValueDependent,MNAR,30,508,0.8367881508662489,0.4245671336082486,0.6224836799749582
LinInterp,MNAR_ValueDependent,MNAR,30,508,0.7933520787486764,0.40199698402675993,0.6606587812687579
LOCF,MNAR_RangeLimitation,MNAR,10,508,0.9050046927653238,0.5056016922710959,0.6416721295249086
LinInterp,MNAR_RangeLimitation,MNAR,10,508,0.8914816283382333,0.516194208749589,0.6523007759038284
LOCF,MNAR_RangeLimitation,MNAR,20,508,0.8389506662748819,0.5214796812904774,0.6109836599423085
LinInterp,MNAR_RangeLimitation,MNAR,20,508,0.8903148043908824,0.5864638690859585,0.5618909877751137
LOCF,MNAR_RangeLimitation,MNAR,30,508,0.9213216225670507,0.5767477430412867,0.44949920574637603
LinInterp,MNAR_RangeLimitation,MNAR,30,508,0.9199865628108805,0.5870323677663517,0.4510934784520473
LOCF,MCAR_RandomSensorFailures,MCAR,10,509,0.7230900657014423,0.38365988468580536,0.7917282235447916
LinInterp,MCAR_RandomSensorFailures,MCAR,10,509,0.5737611021853517,0.3204721025239138,0.8688682564249699
LOCF,MCAR_RandomSensorFailures,MCAR,20,509,0.8670585333454671,0.42307256162735385,0.6892959870753659
LinInterp,MCAR_RandomSensorFailures,MCAR,20,509,0.6126843952231549,0.31612691440468904,0.844860042809541
LOCF,MCAR_RandomSensorFailures,MCAR,30,509,0.8434638573368345,0.4044295239425922,0.7055739451341572
LinInterp,MCAR_RandomSensorFailures,MCAR,30,509,0.603431325224099,0.3204608688205992,0.8493049498943828
LOCF,MCAR_ConnectionIssues,MCAR,10,509,0.9803746717106606,0.5639858640920798,0.527854907243997
LinInterp,MCAR_ConnectionIssues,MCAR,10,509,0.6417958963219691,0.39479655094972416,0.797658396769562
LOCF,MCAR_ConnectionIssues,MCAR,20,509,0.73628087477864,0.4162795099439173,0.7257755853333031
LinInterp,MCAR_ConnectionIssues,MCAR,20,509,0.5123263333094739,0.2949531613500005,0.867226184155396
LOCF,MCAR_ConnectionIssues,MCAR,30,509,0.7742142073607275,0.43587435412358205,0.698283798576637
LinInterp,MCAR_ConnectionIssues,MCAR,30,509,0.5414501826087665,0.31522415714256014,0.8524316004819632
LOCF,MAR_ActivityDependent,MAR,10,509,0.49628646465850995,0.23671071732700247,0.8484741575378232
LinInterp,MAR_ActivityDependent,MAR,10,509,0.4024562017330126,0.19494546097120935,0.900354178003406
LOCF,MAR_ActivityDependent,MAR,20,509,0.5113235914820345,0.24825781406632577,0.8368159204942958
LinInterp,MAR_ActivityDependent,MAR,20,509,0.43112651458273793,0.2157702983138038,0.8839899561839982
LOCF,MAR_ActivityDependent,MAR,30,509,0.5113235914820345,0.24825781406632577,0.8368159204942958
LinInterp,MAR_ActivityDependent,MAR,30,509,0.43112651458273793,0.2157702983138038,0.8839899561839982
LOCF,MAR_BatteryDepletion,MAR,10,509,1.1686609347674344,0.6560820302139814,0.20999175590789
LinInterp,MAR_BatteryDepletion,MAR,10,509,1.1686609347674344,0.6560820302139814,0.20999175590789
LOCF,MAR_BatteryDepletion,MAR,20,509,1.0186470165830415,0.5856293176805424,0.48566293814844086
LinInterp,MAR_BatteryDepletion,MAR,20,509,1.0186470165830415,0.5856293176805424,0.48566293814844086
LOCF,MAR_BatteryDepletion,MAR,30,509,0.8469470163213482,0.4799211548154586,0.6567887836750277
LinInterp,MAR_BatteryDepletion,MAR,30,509,0.8469470163213482,0.4799211548154586,0.6567887836750277
LOCF,MNAR_ValueDependent,MNAR,10,509,0.7183574134276096,0.33956637127111405,0.865600153869234
LinInterp,MNAR_ValueDependent,MNAR,10,509,0.6263280480570632,0.29168792851562697,0.8978304838552991
LOCF,MNAR_ValueDependent,MNAR,20,509,0.8221610723970567,0.39168547750275506,0.8224208592740695
LinInterp,MNAR_ValueDependent,MNAR,20,509,0.7088543667548878,0.3556811298109958,0.867994456859503
LOCF,MNAR_ValueDependent,MNAR,30,509,0.7739824841397841,0.37629329857490434,0.8428684258045609
LinInterp,MNAR_ValueDependent,MNAR,30,509,0.7112906501932339,0.377428244467727,0.8672925217260388
LOCF,MNAR_RangeLimitation,MNAR,10,509,0.7647499146871302,0.4325578321315824,0.8594675795681311
LinInterp,MNAR_RangeLimitation,MNAR,10,509,0.7738377764451675,0.47818300350286547,0.8561077161931538
LOCF,MNAR_RangeLimitation,MNAR,20,509,0.8864627819639852,0.527930713026723,0.7898818140035118
LinInterp,MNAR_RangeLimitation,MNAR,20,509,0.879600193784126,0.602869694447611,0.7931224985159335
LOCF,MNAR_RangeLimitation,MNAR,30,509,0.9184228844832485,0.5638529703406296,0.7551425389333393
LinInterp,MNAR_RangeLimitation,MNAR,30,509,0.8770606350518836,0.5997517482280816,0.7767007897940429
LOCF,MCAR_RandomSensorFailures,MCAR,10,510,0.6228903470486562,0.23933331397244062,0.8633674415514001
LinInterp,MCAR_RandomSensorFailures,MCAR,10,510,0.415988234868372,0.18613601875452696,0.9390613126401944
LOCF,MCAR_RandomSensorFailures,MCAR,20,510,0.6153894747060422,0.3049760333011313,0.8060321694142414
LinInterp,MCAR_RandomSensorFailures,MCAR,20,510,0.48617373959470533,0.2537566055395695,0.8789366814840764
LOCF,MCAR_RandomSensorFailures,MCAR,30,510,0.751332652128544,0.36593444371286526,0.6503996862428127
LinInterp,MCAR_RandomSensorFailures,MCAR,30,510,0.6430149352229886,0.3202726862829171,0.7439354796181067
LOCF,MCAR_ConnectionIssues,MCAR,10,510,1.0849854621469077,0.4734709024959596,0.387872818649037
LinInterp,MCAR_ConnectionIssues,MCAR,10,510,0.6756128878245057,0.3392084215980574,0.7626497587470858
LOCF,MCAR_ConnectionIssues,MCAR,20,510,1.1741623157042302,0.5269206921416824,0.09631024330873306
LinInterp,MCAR_ConnectionIssues,MCAR,20,510,0.710518053755884,0.3656448246832022,0.669087388397906
LOCF,MCAR_ConnectionIssues,MCAR,30,510,0.9783310307928681,0.409275466139986,0.4580049519145716
LinInterp,MCAR_ConnectionIssues,MCAR,30,510,0.6163791479867492,0.30468316803516843,0.784860805860387
LOCF,MAR_ActivityDependent,MAR,10,510,0.4886047509054419,0.20534278097836986,0.7475674962377727
LinInterp,MAR_ActivityDependent,MAR,10,510,0.37590966326989755,0.17006168896536453,0.8505840763372239
LOCF,MAR_ActivityDependent,MAR,20,510,0.5365287231135863,0.23297960197491274,0.7014734703955761
LinInterp,MAR_ActivityDependent,MAR,20,510,0.41191769216050483,0.1909342427886831,0.8240384132250094
LOCF,MAR_ActivityDependent,MAR,30,510,0.5365287231135863,0.23297960197491274,0.7014734703955761
LinInterp,MAR_ActivityDependent,MAR,30,510,0.41191769216050483,0.1909342427886831,0.8240384132250094
LOCF,MAR_BatteryDepletion,MAR,10,510,1.226256970471865,0.8119682878639756,-0.19244280288397353
LinInterp,MAR_BatteryDepletion,MAR,10,510,1.226256970471865,0.8119682878639756,-0.19244280288397353
LOCF,MAR_BatteryDepletion,MAR,20,510,1.105912218363224,0.7738756917123338,-0.31734953698356283
LinInterp,MAR_BatteryDepletion,MAR,20,510,1.105912218363224,0.7738756917123338,-0.31734953698356283
LOCF,MAR_BatteryDepletion,MAR,30,510,0.9766131240518225,0.6654380649577751,-0.22732429930687248
LinInterp,MAR_BatteryDepletion,MAR,30,510,0.9766131240518225,0.6654380649577751,-0.22732429930687248
LOCF,MNAR_ValueDependent,MNAR,10,510,1.1204339897877356,0.42381472537967435,0.9200198099138683
LinInterp,MNAR_ValueDependent,MNAR,10,510,0.933753823449986,0.3746237296786635,0.9444512017502718
LOCF,MNAR_ValueDependent,MNAR,20,510,1.3012416369817552,0.4897970866057604,0.8868288173849221
LinInterp,MNAR_ValueDependent,MNAR,20,510,0.9406152537644898,0.38128549305081133,0.9408650837351598
LOCF,MNAR_ValueDependent,MNAR,30,510,1.37376073439417,0.5566078105382324,0.8668632151095089
LinInterp,MNAR_ValueDependent,MNAR,30,510,1.031568883053572,0.44993115010977025,0.9249289770685173
LOCF,MNAR_RangeLimitation,MNAR,10,510,1.529416317661716,0.6680054189332351,0.5826531523238596
LinInterp,MNAR_RangeLimitation,MNAR,10,510,1.092233092995629,0.555556893124033,0.7871486738649645
LOCF,MNAR_RangeLimitation,MNAR,20,510,1.4540117734244549,0.6048742292997789,0.598933225793816
LinInterp,MNAR_RangeLimitation,MNAR,20,510,1.0424360153704433,0.5264941919409236,0.7938517493511404
LOCF,MNAR_RangeLimitation,MNAR,30,510,1.728635949128278,0.8248587579183929,0.3356094927725952
LinInterp,MNAR_RangeLimitation,MNAR,30,510,1.7904811146743433,0.8504424931261035,0.28721947205494247
LOCF,MCAR_RandomSensorFailures,MCAR,10,511,0.7876787814548899,0.43599632084340634,0.2413803287573778
LinInterp,MCAR_RandomSensorFailures,MCAR,10,511,0.6258315246881865,0.34829506373154867,0.521104585675941
LOCF,MCAR_RandomSensorFailures,MCAR,20,511,0.846414871550804,0.46375595154029137,0.19147384201674633
LinInterp,MCAR_RandomSensorFailures,MCAR,20,511,0.6285822421905674,0.3374771122712022,0.5540853714119759
LOCF,MCAR_RandomSensorFailures,MCAR,30,511,0.8197434072164025,0.45574839146454177,0.1919060322047612
LinInterp,MCAR_RandomSensorFailures,MCAR,30,511,0.6113047187228257,0.3363891461367995,0.5506119742858802
LOCF,MCAR_ConnectionIssues,MCAR,10,511,0.8909151467336652,0.5239070888743415,0.011378200800462479
LinInterp,MCAR_ConnectionIssues,MCAR,10,511,0.5934528361186328,0.34175893709921945,0.5613380986928891
LOCF,MCAR_ConnectionIssues,MCAR,20,511,0.7760788023865677,0.4455750414318848,0.24720499959684217
LinInterp,MCAR_ConnectionIssues,MCAR,20,511,0.5304267455996392,0.3010361955293782,0.6483457165080173
LOCF,MCAR_ConnectionIssues,MCAR,30,511,0.7457533752347085,0.42145407546591857,0.2492660637059847
LinInterp,MCAR_ConnectionIssues,MCAR,30,511,0.5180933860285973,0.29043597898634826,0.6376638301462372
LOCF,MAR_ActivityDependent,MAR,10,511,0.46107656818201403,0.20256085655136102,0.7758899446742833
LinInterp,MAR_ActivityDependent,MAR,10,511,0.36938022040033375,0.1725160740521237,0.8561656844835198
LOCF,MAR_ActivityDependent,MAR,20,511,0.47846305065106925,0.22200535354373815,0.7508995205035218
LinInterp,MAR_ActivityDependent,MAR,20,511,0.3963418537624406,0.18891153067347588,0.8290702622932329
LOCF,MAR_ActivityDependent,MAR,30,511,0.47846305065106925,0.22200535354373815,0.7508995205035218
LinInterp,MAR_ActivityDependent,MAR,30,511,0.3963418537624406,0.18891153067347588,0.8290702622932329
LOCF,MAR_BatteryDepletion,MAR,10,511,0.8096581180393455,0.5875623853990313,-0.44056646239627284
LinInterp,MAR_BatteryDepletion,MAR,10,511,0.8096581180393455,0.5875623853990313,-0.44056646239627284
LOCF,MAR_BatteryDepletion,MAR,20,511,0.8703360565199552,0.5848125199468549,-0.12070309215202935
LinInterp,MAR_BatteryDepletion,MAR,20,511,0.8703360565199552,0.5848125199468549,-0.12070309215202935
LOCF,MAR_BatteryDepletion,MAR,30,511,0.9412586992939391,0.6192289174048958,-0.25077881496257426
LinInterp,MAR_BatteryDepletion,MAR,30,511,0.9412586992939391,0.6192289174048958,-0.25077881496257426
LOCF,MNAR_ValueDependent,MNAR,10,511,0.6230767518286733,0.29507376591990875,0.7776122698486666
LinInterp,MNAR_ValueDependent,MNAR,10,511,0.613423468796027,0.27596723220403857,0.7844497639665655
LOCF,MNAR_ValueDependent,MNAR,20,511,0.6444594512675802,0.3079846193113078,0.7472156333915432
LinInterp,MNAR_ValueDependent,MNAR,20,511,0.5785507614911687,0.27833283159059324,0.7962761118244184
LOCF,MNAR_ValueDependent,MNAR,30,511,0.7155555148004064,0.3470642271302575,0.683368165956425
LinInterp,MNAR_ValueDependent,MNAR,30,511,0.6157131442018074,0.3110579976897076,0.7655637531080017
LOCF,MNAR_RangeLimitation,MNAR,10,511,0.8246890818064374,0.4627927259840746,0.7063880632752255
LinInterp,MNAR_RangeLimitation,MNAR,10,511,0.7738021679234581,0.4631297215586979,0.7415044315049977
LOCF,MNAR_RangeLimitation,MNAR,20,511,1.1107331851635658,0.6592130507521426,0.378289486259083
LinInterp,MNAR_RangeLimitation,MNAR,20,511,0.9645715588724026,0.6272058756463912,0.5311460043021368
LOCF,MNAR_RangeLimitation,MNAR,30,511,1.3218932509553174,0.8818216648675287,0.004372047452546046
LinInterp,MNAR_RangeLimitation,MNAR,30,511,1.2677644635297953,0.8645651705945051,0.08424044559824284
LOCF,MCAR_RandomSensorFailures,MCAR,10,512,0.530831614291328,0.28910885714924667,0.28996327992974413
LinInterp,MCAR_RandomSensorFailures,MCAR,10,512,0.4202691443047041,0.24593345063365257,0.5549362110026368
LOCF,MCAR_RandomSensorFailures,MCAR,20,512,0.6377935345138558,0.35448716815169695,0.04307708560155055
LinInterp,MCAR_RandomSensorFailures,MCAR,20,512,0.49555283019653185,0.2867328843705547,0.42230760386246
LOCF,MCAR_RandomSensorFailures,MCAR,30,512,0.6646466254261078,0.3944895723283321,0.12153615850628052
LinInterp,MCAR_RandomSensorFailures,MCAR,30,512,0.5267851174492072,0.31176479864295814,0.44816495699755055
LOCF,MCAR_ConnectionIssues,MCAR,10,512,0.5862688535224595,0.30912994526149484,0.3257905216902036
LinInterp,MCAR_ConnectionIssues,MCAR,10,512,0.4911225663127753,0.278070469069385,0.5268694527464695
LOCF,MCAR_ConnectionIssues,MCAR,20,512,0.6536491203371516,0.3393076478380943,0.25207027868533693
LinInterp,MCAR_ConnectionIssues,MCAR,20,512,0.5094011678362894,0.26701978619246836,0.5457538008849607
LOCF,MCAR_ConnectionIssues,MCAR,30,512,0.6510973395477453,0.3455888490868557,0.2124671966260666
LinInterp,MCAR_ConnectionIssues,MCAR,30,512,0.5268554190423319,0.2880914242566713,0.4843444292367026
LOCF,MAR_ActivityDependent,MAR,10,512,0.6086978330301535,0.27936621278617113,0.4133127669302532
LinInterp,MAR_ActivityDependent,MAR,10,512,0.5354984296450274,0.2447353736629231,0.5459334292559567
LOCF,MAR_ActivityDependent,MAR,20,512,0.5821367309573158,0.2839962979574685,0.4529954365623894
LinInterp,MAR_ActivityDependent,MAR,20,512,0.5296758400964359,0.2527397589594796,0.5471428050354125
LOCF,MAR_ActivityDependent,MAR,30,512,0.5821367309573158,0.2839962979574685,0.4529954365623894
LinInterp,MAR_ActivityDependent,MAR,30,512,0.5296758400964359,0.2527397589594796,0.5471428050354125
LOCF,MAR_BatteryDepletion,MAR,10,512,0.44897954138373947,0.27142627193680824,0.3835296059536112
LinInterp,MAR_BatteryDepletion,MAR,10,512,0.44897954138373947,0.27142627193680824,0.3835296059536112
LOCF,MAR_BatteryDepletion,MAR,20,512,0.6515066314324321,0.40116981349253655,-0.3567898216978873
LinInterp,MAR_BatteryDepletion,MAR,20,512,0.6515066314324321,0.40116981349253655,-0.3567898216978873
LOCF,MAR_BatteryDepletion,MAR,30,512,0.595178536418614,0.3997022904055066,-0.07595029076992144
LinInterp,MAR_BatteryDepletion,MAR,30,512,0.595178536418614,0.3997022904055066,-0.07595029076992144
LOCF,MNAR_ValueDependent,MNAR,10,512,0.8217570130454129,0.3386667271780697,0.6392793104282424
LinInterp,MNAR_ValueDependent,MNAR,10,512,0.6949690172795213,0.31304832480625105,0.7420027354305764
LOCF,MNAR_ValueDependent,MNAR,20,512,0.8005676626062683,0.37585005504908825,0.6921263135152274
LinInterp,MNAR_ValueDependent,MNAR,20,512,0.7456215698261406,0.35990498875182864,0.732937192095635
LOCF,MNAR_ValueDependent,MNAR,30,512,0.8352963096738082,0.3829199239028653,0.6474340967163035
LinInterp,MNAR_ValueDependent,MNAR,30,512,0.7562541601554135,0.3609498027290986,0.7110020664915109
LOCF,MNAR_RangeLimitation,MNAR,10,512,1.076943060016623,0.6154219162933063,0.3995648155290946
LinInterp,MNAR_RangeLimitation,MNAR,10,512,1.0065005569417125,0.5803268464772613,0.47554444666699747
LOCF,MNAR_RangeLimitation,MNAR,20,512,1.0443325693645118,0.5761025972807239,0.24106982675420985
LinInterp,MNAR_RangeLimitation,MNAR,20,512,0.9626310911939033,0.5625332055657586,0.3551719162973137
LOCF,MNAR_RangeLimitation,MNAR,30,512,0.9458833551323899,0.5345522375402924,0.23244518338180475
LinInterp,MNAR_RangeLimitation,MNAR,30,512,0.9073530863336143,0.5571896485231802,0.29370378873941483
LOCF,MCAR_RandomSensorFailures,MCAR,10,513,0.6959647749275987,0.38068157902859956,0.5700758133002839
LinInterp,MCAR_RandomSensorFailures,MCAR,10,513,0.5328727134613672,0.3056528795282749,0.7479629867341415
LOCF,MCAR_RandomSensorFailures,MCAR,20,513,0.6826988039684609,0.406047336187509,0.4204421407818635
LinInterp,MCAR_RandomSensorFailures,MCAR,20,513,0.5405729724410034,0.33090030251312286,0.6366315873988048
LOCF,MCAR_RandomSensorFailures,MCAR,30,513,0.862957364107826,0.4894552478639396,0.1415482866895834
LinInterp,MCAR_RandomSensorFailures,MCAR,30,513,0.6358912802089949,0.3802567194618479,0.5338744243392182
LOCF,MCAR_ConnectionIssues,MCAR,10,513,0.5633188063917332,0.2843583067339768,0.7997904391809629
LinInterp,MCAR_ConnectionIssues,MCAR,10,513,0.4523456648264142,0.2317751453021336,0.8709026946962819
LOCF,MCAR_ConnectionIssues,MCAR,20,513,0.747950727142358,0.3508323589465163,0.5229170952189757
LinInterp,MCAR_ConnectionIssues,MCAR,20,513,0.5705619650175279,0.2823445742833006,0.7223782344479343
LOCF,MCAR_ConnectionIssues,MCAR,30,513,0.8828949769913953,0.4281989212750327,0.3685671004728345
LinInterp,MCAR_ConnectionIssues,MCAR,30,513,0.5889494034952271,0.2951858339196635,0.7190266777400602
LOCF,MAR_ActivityDependent,MAR,10,513,0.4526515797321528,0.2127519387316518,0.46639380640748407
LinInterp,MAR_ActivityDependent,MAR,10,513,0.39783797820636,0.18347473352768992,0.587802589252667
LOCF,MAR_ActivityDependent,MAR,20,513,0.46129122725396127,0.2175721999957497,0.4207265791616608
LinInterp,MAR_ActivityDependent,MAR,20,513,0.40662308893607363,0.1887681155903242,0.5498914303379554
LOCF,MAR_ActivityDependent,MAR,30,513,0.46129122725396127,0.2175721999957497,0.4207265791616608
LinInterp,MAR_ActivityDependent,MAR,30,513,0.40662308893607363,0.1887681155903242,0.5498914303379554
LOCF,MAR_BatteryDepletion,MAR,10,513,0.961011925031246,0.6828672330962703,-0.7219680388863885
LinInterp,MAR_BatteryDepletion,MAR,10,513,0.961011925031246,0.6828672330962703,-0.7219680388863885
LOCF,MAR_BatteryDepletion,MAR,20,513,0.7892182362872481,0.5062500414301453,-0.29955599556124435
LinInterp,MAR_BatteryDepletion,MAR,20,513,0.7892182362872481,0.5062500414301453,-0.29955599556124435
LOCF,MAR_BatteryDepletion,MAR,30,513,0.6421373732631381,0.4021767785052431,0.05441682743111742
LinInterp,MAR_BatteryDepletion,MAR,30,513,0.6421373732631381,0.4021767785052431,0.05441682743111742
LOCF,MNAR_ValueDependent,MNAR,10,513,0.976106101606308,0.4269970355238142,0.7822839215569158
LinInterp,MNAR_ValueDependent,MNAR,10,513,0.9606089548718901,0.4338101187739378,0.7891421811880887
LOCF,MNAR_ValueDependent,MNAR,20,513,1.0104534099242313,0.4712115125023556,0.77341570154819
LinInterp,MNAR_ValueDependent,MNAR,20,513,0.988192456241514,0.4647096403022594,0.7832893313387403
LOCF,MNAR_ValueDependent,MNAR,30,513,1.0271884693169535,0.4938384476628814,0.7750809274310942
LinInterp,MNAR_ValueDependent,MNAR,30,513,0.9186089516329172,0.45035831342402705,0.820118144256487
LOCF,MNAR_RangeLimitation,MNAR,10,513,1.1460666786499363,0.6377028645744565,0.5924309337447891
LinInterp,MNAR_RangeLimitation,MNAR,10,513,1.204487377074492,0.6687160562549036,0.5498202571087658
LOCF,MNAR_RangeLimitation,MNAR,20,513,0.9559211434932933,0.5481739288392949,0.6606073270579261
LinInterp,MNAR_RangeLimitation,MNAR,20,513,1.055226133990087,0.6172497650848396,0.5864296418606488
LOCF,MNAR_RangeLimitation,MNAR,30,513,1.3320524018287676,0.7326085647726653,0.16406939212937077
LinInterp,MNAR_RangeLimitation,MNAR,30,513,1.3224211901904772,0.747610064079844,0.17611384129015306
LOCF,MCAR_RandomSensorFailures,MCAR,10,514,0.5381611165914463,0.23803553497349125,0.7368563439613556
LinInterp,MCAR_RandomSensorFailures,MCAR,10,514,0.38139333705641293,0.17799783225982643,0.8678356038235596
LOCF,MCAR_RandomSensorFailures,MCAR,20,514,0.5337380130856709,0.23194365909606213,0.6904627009315765
LinInterp,MCAR_RandomSensorFailures,MCAR,20,514,0.444977137276351,0.20282424072428187,0.7848545751876826
LOCF,MCAR_RandomSensorFailures,MCAR,30,514,0.5636622019759465,0.259054275663765,0.6963279662521782
LinInterp,MCAR_RandomSensorFailures,MCAR,30,514,0.535208839628075,0.2518322000619036,0.7262125558024497
LOCF,MCAR_ConnectionIssues,MCAR,10,514,0.5488186694701952,0.2655564138249252,0.71635066961932
LinInterp,MCAR_ConnectionIssues,MCAR,10,514,0.3923116644028172,0.1847839417257366,0.85506060257711
LOCF,MCAR_ConnectionIssues,MCAR,20,514,0.5739050330841595,0.277477326338434,0.6993730336485856
LinInterp,MCAR_ConnectionIssues,MCAR,20,514,0.41372276769243466,0.21347089615557038,0.8437691807707083
LOCF,MCAR_ConnectionIssues,MCAR,30,514,0.529367574076416,0.2524377050833145,0.7386004861195752
LinInterp,MCAR_ConnectionIssues,MCAR,30,514,0.40823530528173096,0.19902457162744458,0.8445426620564556
LOCF,MAR_ActivityDependent,MAR,10,514,0.5874168196467263,0.20712970197167388,0.5701656374585071
LinInterp,MAR_ActivityDependent,MAR,10,514,0.4293723966077398,0.16483927923461333,0.7703446226880519
LOCF,MAR_ActivityDependent,MAR,20,514,0.5810861633957622,0.22897489219610828,0.5681243091041712
LinInterp,MAR_ActivityDependent,MAR,20,514,0.4802551785915852,0.1971635841360558,0.7050001439987054
LOCF,MAR_ActivityDependent,MAR,30,514,0.5810861633957622,0.22897489219610828,0.5681243091041712
LinInterp,MAR_ActivityDependent,MAR,30,514,0.4802551785915852,0.1971635841360558,0.7050001439987054
LOCF,MAR_BatteryDepletion,MAR,10,514,0.7552326070230881,0.4055788658296754,0.3362449290868509
LinInterp,MAR_BatteryDepletion,MAR,10,514,0.7552326070230881,0.4055788658296754,0.3362449290868509
LOCF,MAR_BatteryDepletion,MAR,20,514,0.6402624911574128,0.32649812308895465,0.4604177111155583
LinInterp,MAR_BatteryDepletion,MAR,20,514,0.6402624911574128,0.32649812308895465,0.4604177111155583
LOCF,MAR_BatteryDepletion,MAR,30,514,0.7139347176951598,0.3945562769475984,0.31811439145998843
LinInterp,MAR_BatteryDepletion,MAR,30,514,0.7139347176951598,0.3945562769475984,0.31811439145998843
LOCF,MNAR_ValueDependent,MNAR,10,514,0.8691328038422028,0.38723000821160386,0.6229539636515231
LinInterp,MNAR_ValueDependent,MNAR,10,514,0.8563863491204868,0.39866589344498876,0.633932167425202
LOCF,MNAR_ValueDependent,MNAR,20,514,0.793257923244124,0.3679492945532759,0.6879572879295006
LinInterp,MNAR_ValueDependent,MNAR,20,514,0.7459917732667222,0.3656253389902514,0.724035458865805
LOCF,MNAR_ValueDependent,MNAR,30,514,0.9133909717235399,0.4039639298525067,0.5918751270016096
LinInterp,MNAR_ValueDependent,MNAR,30,514,0.78924580247377,0.38132434744230226,0.6952777292547769
LOCF,MNAR_RangeLimitation,MNAR,10,514,1.0578739908786057,0.49913950971361476,0.46914900447068897
LinInterp,MNAR_RangeLimitation,MNAR,10,514,0.9310246272511333,0.4968975368641319,0.5888246271358677
LOCF,MNAR_RangeLimitation,MNAR,20,514,1.2503087844033212,0.6039448070343718,0.0812717301000857
LinInterp,MNAR_RangeLimitation,MNAR,20,514,1.1874121482745714,0.5946982780179382,0.17137984844121468
LOCF,MNAR_RangeLimitation,MNAR,30,514,1.1209904085893658,0.5542422058073052,0.13832787958902815
LinInterp,MNAR_RangeLimitation,MNAR,30,514,1.027321993029327,0.5157612647720031,0.2763119199753683
LOCF,MCAR_RandomSensorFailures,MCAR,10,515,0.49857478290602836,0.22742853979785727,0.6994991974462098
LinInterp,MCAR_RandomSensorFailures,MCAR,10,515,0.38864583021262417,0.1899721933472445,0.8174032498943332
LOCF,MCAR_RandomSensorFailures,MCAR,20,515,0.5889383702335548,0.29591505990433,0.5911933559876695
LinInterp,MCAR_RandomSensorFailures,MCAR,20,515,0.4701078288763083,0.24134390194753674,0.7395207021788877
LOCF,MCAR_RandomSensorFailures,MCAR,30,515,0.575375350924721,0.2825136850787617,0.6042778065948596
LinInterp,MCAR_RandomSensorFailures,MCAR,30,515,0.4468166183478464,0.23001152322684262,0.7613581886483319
LOCF,MCAR_ConnectionIssues,MCAR,10,515,0.8171824634807504,0.46526959647246996,0.2545196710904948
LinInterp,MCAR_ConnectionIssues,MCAR,10,515,0.5349351121187865,0.3000565179008688,0.680551890801724
LOCF,MCAR_ConnectionIssues,MCAR,20,515,0.8303831939032292,0.46334419297223584,0.23173539449974856
LinInterp,MCAR_ConnectionIssues,MCAR,20,515,0.5304761853124554,0.2910307949986844,0.6864653761224552
LOCF,MCAR_ConnectionIssues,MCAR,30,515,0.729137915686778,0.39081134221232,0.43704198464024335
LinInterp,MCAR_ConnectionIssues,MCAR,30,515,0.493900672659193,0.2669317355071384,0.7416931773283694
LOCF,MAR_ActivityDependent,MAR,10,515,0.44090935262484493,0.2105447316528394,0.7958340575956644
LinInterp,MAR_ActivityDependent,MAR,10,515,0.38224868160753633,0.17747588895561178,0.8465465462030983
LOCF,MAR_ActivityDependent,MAR,20,515,0.4800731099044479,0.22280040507289414,0.7607311522225977
LinInterp,MAR_ActivityDependent,MAR,20,515,0.41985288987152575,0.19884947645782056,0.8169938475848295
LOCF,MAR_ActivityDependent,MAR,30,515,0.4800731099044479,0.22280040507289414,0.7607311522225977
LinInterp,MAR_ActivityDependent,MAR,30,515,0.41985288987152575,0.19884947645782056,0.8169938475848295
LOCF,MAR_BatteryDepletion,MAR,10,515,1.0237898470165738,0.7306246705338327,-0.3829067120098677
LinInterp,MAR_BatteryDepletion,MAR,10,515,1.0237898470165738,0.7306246705338327,-0.3829067120098677
LOCF,MAR_BatteryDepletion,MAR,20,515,1.1177913763571805,0.7340113915016528,-0.5973919846399307
LinInterp,MAR_BatteryDepletion,MAR,20,515,1.1177913763571805,0.7340113915016528,-0.5973919846399307
LOCF,MAR_BatteryDepletion,MAR,30,515,1.3369011599297078,0.9768048254693151,-1.0172788076328403
LinInterp,MAR_BatteryDepletion,MAR,30,515,1.3369011599297078,0.9768048254693151,-1.0172788076328403
LOCF,MNAR_ValueDependent,MNAR,10,515,0.6132631432689019,0.32697080323934735,0.7714138169751652
LinInterp,MNAR_ValueDependent,MNAR,10,515,0.593983876614092,0.31228548291630204,0.7855601181070759
LOCF,MNAR_ValueDependent,MNAR,20,515,0.6175240935491408,0.31747750165506494,0.7568224469028044
LinInterp,MNAR_ValueDependent,MNAR,20,515,0.5848214337395155,0.30125858138773454,0.7818967019613938
LOCF,MNAR_ValueDependent,MNAR,30,515,0.6214411813774743,0.32050956560629695,0.7648839424012692
LinInterp,MNAR_ValueDependent,MNAR,30,515,0.5823803802859296,0.31098336672331084,0.7935115789961614
LOCF,MNAR_RangeLimitation,MNAR,10,515,0.7457684359616633,0.4328114010108604,0.7361699982657142
LinInterp,MNAR_RangeLimitation,MNAR,10,515,0.7646895638114762,0.4666751964364767,0.7226127403660247
LOCF,MNAR_RangeLimitation,MNAR,20,515,0.7165373390746989,0.4389827230795549,0.7084295841096574
LinInterp,MNAR_RangeLimitation,MNAR,20,515,0.7650024338042629,0.49326126170652834,0.667653249543247
LOCF,MNAR_RangeLimitation,MNAR,30,515,0.8630557063858056,0.5604949008487977,0.5144175801862715
LinInterp,MNAR_RangeLimitation,MNAR,30,515,0.9141885607605817,0.6241743291146324,0.45517520569493974
LOCF,MCAR_RandomSensorFailures,MCAR,10,516,0.9236952690176605,0.5602692546724074,-0.00958977786267412
LinInterp,MCAR_RandomSensorFailures,MCAR,10,516,0.7484375327137865,0.4712616113426182,0.3371753930141217
LOCF,MCAR_RandomSensorFailures,MCAR,20,516,0.9952375796245583,0.6483877759253057,-0.21738006826288414
LinInterp,MCAR_RandomSensorFailures,MCAR,20,516,0.7276832090403151,0.47716616967551495,0.34918528781734914
LOCF,MCAR_RandomSensorFailures,MCAR,30,516,0.9320623563430017,0.5880382668312351,-0.11560619928330107
LinInterp,MCAR_RandomSensorFailures,MCAR,30,516,0.7147056124550603,0.4484514809637345,0.3440430052522627
LOCF,MCAR_ConnectionIssues,MCAR,10,516,0.743310990617943,0.4324346864594201,0.24616097162180872
LinInterp,MCAR_ConnectionIssues,MCAR,10,516,0.5603993040421537,0.3422204003884498,0.5715178996315298
LOCF,MCAR_ConnectionIssues,MCAR,20,516,0.7170209355615947,0.40612954418893255,0.30543187201090627
LinInterp,MCAR_ConnectionIssues,MCAR,20,516,0.5531318774712329,0.32111588368775706,0.5866589352095667
LOCF,MCAR_ConnectionIssues,MCAR,30,516,0.7006557013338357,0.39912745101117997,0.3247159919446019
LinInterp,MCAR_ConnectionIssues,MCAR,30,516,0.5764357896254647,0.3301159658369467,0.5429338918727281
LOCF,MAR_ActivityDependent,MAR,10,516,0.5736594539707571,0.28280589501105824,0.5534614497431165
LinInterp,MAR_ActivityDependent,MAR,10,516,0.48822943063737784,0.24495970840190523,0.6765564029151985
LOCF,MAR_ActivityDependent,MAR,20,516,0.6022711791838109,0.3039598999003466,0.5161777874906363
LinInterp,MAR_ActivityDependent,MAR,20,516,0.5145688587153727,0.26073541538573897,0.6468260684836096
LOCF,MAR_ActivityDependent,MAR,30,516,0.6022711791838109,0.3039598999003466,0.5161777874906363
LinInterp,MAR_ActivityDependent,MAR,30,516,0.5145688587153727,0.26073541538573897,0.6468260684836096
LOCF,MAR_BatteryDepletion,MAR,10,516,1.068843559983176,0.7412892336780547,-0.8596692798289194
LinInterp,MAR_BatteryDepletion,MAR,10,516,1.068843559983176,0.7412892336780547,-0.8596692798289194
LOCF,MAR_BatteryDepletion,MAR,20,516,0.989078179626403,0.6624667944320276,-0.5551686326018359
LinInterp,MAR_BatteryDepletion,MAR,20,516,0.989078179626403,0.6624667944320276,-0.5551686326018359
LOCF,MAR_BatteryDepletion,MAR,30,516,0.7686339919255254,0.4961945511437061,0.03193238488575023
LinInterp,MAR_BatteryDepletion,MAR,30,516,0.7686339919255254,0.4961945511437061,0.03193238488575023
LOCF,MNAR_ValueDependent,MNAR,10,516,0.8178429901803226,0.3957288961672888,0.7206027178995695
LinInterp,MNAR_ValueDependent,MNAR,10,516,0.8100274719256749,0.40576274421733294,0.7259171875411097
LOCF,MNAR_ValueDependent,MNAR,20,516,0.9722879932519017,0.48223137575609326,0.6004384957713389
LinInterp,MNAR_ValueDependent,MNAR,20,516,0.8627316346422625,0.44540174438174934,0.6854097633356528
LOCF,MNAR_ValueDependent,MNAR,30,516,1.0119848007513845,0.5469366937606382,0.5731900809208436
LinInterp,MNAR_ValueDependent,MNAR,30,516,0.917609096488068,0.5214510839095706,0.6490849903010298
LOCF,MNAR_RangeLimitation,MNAR,10,516,1.0464909057280583,0.5982806894440891,0.5254297836752256
LinInterp,MNAR_RangeLimitation,MNAR,10,516,0.9413240815762292,0.568912820959301,0.6160206225999834
LOCF,MNAR_RangeLimitation,MNAR,20,516,1.2418631237483955,0.7798142170183978,0.14683221623515086
LinInterp,MNAR_RangeLimitation,MNAR,20,516,1.1789740389656,0.7614785174049409,0.2310546598103681
LOCF,MNAR_RangeLimitation,MNAR,30,516,1.1214865840645003,0.7147157753792512,0.17048930867731626
LinInterp,MNAR_RangeLimitation,MNAR,30,516,1.0779930664769726,0.7121749704580815,0.2335818911396117
LOCF,MCAR_RandomSensorFailures,MCAR,10,517,0.9861877984892801,0.5786684352362984,0.10172771654664148
LinInterp,MCAR_RandomSensorFailures,MCAR,10,517,0.8096819548168632,0.5076964431084792,0.39449508830799207
LOCF,MCAR_RandomSensorFailures,MCAR,20,517,1.0109857602483447,0.6104336313499018,0.024829131635823565
LinInterp,MCAR_RandomSensorFailures,MCAR,20,517,0.7678900735491485,0.46777943909418407,0.43741422235170324
LOCF,MCAR_RandomSensorFailures,MCAR,30,517,0.8975970429796466,0.5330876876021257,0.19409095790965758
LinInterp,MCAR_RandomSensorFailures,MCAR,30,517,0.7560149925809294,0.46274281815187274,0.42827916633353347
LOCF,MCAR_ConnectionIssues,MCAR,10,517,0.9059649570300528,0.5127439771346445,0.32583885843297133
LinInterp,MCAR_ConnectionIssues,MCAR,10,517,0.6673948823872493,0.3758268535725832,0.6341469652554366
LOCF,MCAR_ConnectionIssues,MCAR,20,517,0.8558662027614976,0.46101936650534536,0.3758679188998857
LinInterp,MCAR_ConnectionIssues,MCAR,20,517,0.6796981401393266,0.3956349638108934,0.6063620914056203
LOCF,MCAR_ConnectionIssues,MCAR,30,517,0.8922053307789705,0.515713813722939,0.2176002566593742
LinInterp,MCAR_ConnectionIssues,MCAR,30,517,0.700303680315153,0.41161767570920127,0.5179724184415169
LOCF,MAR_ActivityDependent,MAR,10,517,0.5109990114651122,0.25009670909220777,0.6818055224327146
LinInterp,MAR_ActivityDependent,MAR,10,517,0.4127472129188336,0.21334984163247353,0.7924031225976711
LOCF,MAR_ActivityDependent,MAR,20,517,0.5661517636681399,0.2831743608958802,0.6219141401165557
LinInterp,MAR_ActivityDependent,MAR,20,517,0.45358844249372426,0.23921125871933727,0.757311796657383
LOCF,MAR_ActivityDependent,MAR,30,517,0.5661517636681399,0.2831743608958802,0.6219141401165557
LinInterp,MAR_ActivityDependent,MAR,30,517,0.45358844249372426,0.23921125871933727,0.757311796657383
LOCF,MAR_BatteryDepletion,MAR,10,517,1.4502358808432179,0.9425430379200399,-0.7992592492557435
LinInterp,MAR_BatteryDepletion,MAR,10,517,1.4502358808432179,0.9425430379200399,-0.7992592492557435
LOCF,MAR_BatteryDepletion,MAR,20,517,1.0041128037418363,0.6094248451369071,0.07254269152709236
LinInterp,MAR_BatteryDepletion,MAR,20,517,1.0041128037418363,0.6094248451369071,0.07254269152709236
LOCF,MAR_BatteryDepletion,MAR,30,517,0.829119319160108,0.5219278891501192,0.32967930169429327
LinInterp,MAR_BatteryDepletion,MAR,30,517,0.829119319160108,0.5219278891501192,0.32967930169429327
LOCF,MNAR_ValueDependent,MNAR,10,517,1.3821638512372214,0.6472690754212972,0.4066105488326228
LinInterp,MNAR_ValueDependent,MNAR,10,517,1.1869793347271316,0.5707029827837944,0.5623700090468666
LOCF,MNAR_ValueDependent,MNAR,20,517,1.2936031243647828,0.6185865012073054,0.4718291418565659
LinInterp,MNAR_ValueDependent,MNAR,20,517,1.144441416090315,0.5606811040670557,0.5866104863564341
LOCF,MNAR_ValueDependent,MNAR,30,517,1.2718004448486113,0.6381605877694125,0.46424692712279525
LinInterp,MNAR_ValueDependent,MNAR,30,517,1.1476342555163166,0.5866787807304108,0.5637517162145258
LOCF,MNAR_RangeLimitation,MNAR,10,517,1.3609137304254635,0.7791581203172708,0.4210229855753782
LinInterp,MNAR_RangeLimitation,MNAR,10,517,1.2344334545238165,0.7386376702437648,0.5236397690983144
LOCF,MNAR_RangeLimitation,MNAR,20,517,1.3465292799212263,0.8510450160859514,0.292398363063631
LinInterp,MNAR_RangeLimitation,MNAR,20,517,1.2428770527892536,0.8246428114859083,0.39714403083399663
LOCF,MNAR_RangeLimitation,MNAR,30,517,1.2889868023672513,0.8226118453985176,0.23833082624665225
LinInterp,MNAR_RangeLimitation,MNAR,30,517,1.2418031208344544,0.8261896711914843,0.29307241002606743
LOCF,MCAR_RandomSensorFailures,MCAR,10,518,0.6830081860067677,0.3501786850321806,0.3134023709407189
LinInterp,MCAR_RandomSensorFailures,MCAR,10,518,0.5342892348591844,0.281487322439903,0.5798510045660802
LOCF,MCAR_RandomSensorFailures,MCAR,20,518,0.5647755039599242,0.2803885697676923,0.5665188374159231
LinInterp,MCAR_RandomSensorFailures,MCAR,20,518,0.45550680919981645,0.23102189717413266,0.7180265144134494
LOCF,MCAR_RandomSensorFailures,MCAR,30,518,0.5742557754258644,0.2977863915389583,0.5675151386059472
LinInterp,MCAR_RandomSensorFailures,MCAR,30,518,0.4701241722700737,0.2514457332878418,0.7101419739527235
LOCF,MCAR_ConnectionIssues,MCAR,10,518,0.5454715543409386,0.2890558931722569,0.6006320773056366
LinInterp,MCAR_ConnectionIssues,MCAR,10,518,0.37234746207203984,0.2112058568603051,0.8139088326688173
LOCF,MCAR_ConnectionIssues,MCAR,20,518,0.5161495739773,0.27523239222793183,0.6119984472979879
LinInterp,MCAR_ConnectionIssues,MCAR,20,518,0.3793221520300057,0.21595466765360405,0.7904446616920187
LOCF,MCAR_ConnectionIssues,MCAR,30,518,0.5488763264952384,0.28853252161694987,0.5758253453544764
LinInterp,MCAR_ConnectionIssues,MCAR,30,518,0.38547273386826675,0.2148857109603842,0.7907897090381231
LOCF,MAR_ActivityDependent,MAR,10,518,0.38240495696018956,0.15040067035713586,0.8014058976684925
LinInterp,MAR_ActivityDependent,MAR,10,518,0.3228941726284974,0.13271916458044467,0.8584076678265178
LOCF,MAR_ActivityDependent,MAR,20,518,0.3952836449937404,0.16348330112659643,0.7819453164168604
LinInterp,MAR_ActivityDependent,MAR,20,518,0.336441670909591,0.14296319617132164,0.842032665351204
LOCF,MAR_ActivityDependent,MAR,30,518,0.3952836449937404,0.16348330112659643,0.7819453164168604
LinInterp,MAR_ActivityDependent,MAR,30,518,0.336441670909591,0.14296319617132164,0.842032665351204
LOCF,MAR_BatteryDepletion,MAR,10,518,0.8054255528995758,0.4979041410448934,0.19879109560966302
LinInterp,MAR_BatteryDepletion,MAR,10,518,0.8054255528995758,0.4979041410448934,0.19879109560966302
LOCF,MAR_BatteryDepletion,MAR,20,518,0.9401866420214788,0.5295599684919551,-0.12428130408495552
LinInterp,MAR_BatteryDepletion,MAR,20,518,0.9401866420214788,0.5295599684919551,-0.12428130408495552
LOCF,MAR_BatteryDepletion,MAR,30,518,1.027968057571101,0.6390091158947379,-0.3540604124890905
LinInterp,MAR_BatteryDepletion,MAR,30,518,1.027968057571101,0.6390091158947379,-0.3540604124890905
LOCF,MNAR_ValueDependent,MNAR,10,518,0.5700757807248896,0.3042140624863282,0.7900479529470796
LinInterp,MNAR_ValueDependent,MNAR,10,518,0.5405357070661636,0.2720414235794278,0.8112427209554247
LOCF,MNAR_ValueDependent,MNAR,20,518,0.6792431738289032,0.332784879335913,0.6909651112977563
LinInterp,MNAR_ValueDependent,MNAR,20,518,0.6433832817847785,0.3119753140181945,0.7227340809738954
LOCF,MNAR_ValueDependent,MNAR,30,518,0.6854959020994686,0.3425195732423559,0.6844338236548
LinInterp,MNAR_ValueDependent,MNAR,30,518,0.6575990927054606,0.3252191750030322,0.7095956399651222
LOCF,MNAR_RangeLimitation,MNAR,10,518,0.6603495588646037,0.35945865593450566,0.7229205254219402
LinInterp,MNAR_RangeLimitation,MNAR,10,518,0.6625616914101107,0.3735823607922475,0.7210610158152966
LOCF,MNAR_RangeLimitation,MNAR,20,518,0.5761759096307738,0.3253099306301265,0.7526572994172723
LinInterp,MNAR_RangeLimitation,MNAR,20,518,0.5721423057519182,0.3363739976643276,0.7561082950201041
LOCF,MNAR_RangeLimitation,MNAR,30,518,0.5841734609494363,0.34730590642633846,0.7185457491569653
LinInterp,MNAR_RangeLimitation,MNAR,30,518,0.6108472143930463,0.3761065928094843,0.6922561649243493
