method,participant,accuracy,macro_f1
Full,501,0.9759172317857762,0.9444385593651632
Full,502,0.9600997506234412,0.9280784340495186
Full,503,0.9535874786920812,0.9321965809432492
Full,504,0.9645111349291412,0.9312527481862978
Full,505,0.9139370584457291,0.8960060702441854
Full,506,0.961605584642234,0.9309218080242944
Full,507,0.9402914903620124,0.8931000912885789
Full,508,0.9561103997723716,0.9229704577177268
Full,509,0.7377225291589933,0.602787663544374
Full,510,0.9614864864864864,0.9488762844611024
Full,511,0.9487566479804516,0.9216600070490564
Full,512,0.965467747382641,0.9299156718708668
Full,513,0.9479213907785335,0.9235379404621332
Full,514,0.9089222778705248,0.8235495658726173
Full,515,0.9234234234234234,0.9068824995357344
Full,516,0.9707528687377556,0.9403910310110136
Full,517,0.9475272960822096,0.9161759753461725
Full,518,0.9797095812265008,0.971885908484118
