scenario,mechanism,nominal_rate_pct,participant,total_cells,missing_cells,realized_frac,realized_pct
MCAR_RandomSensorFailures,MCAR,10,501,12141,1229,0.101227246520056,10.12
MCAR_RandomSensorFailures,MCAR,10,502,15238,1575,0.1033600210001312,10.34
MCAR_RandomSensorFailures,MCAR,10,503,13623,1397,0.1025471628862952,10.25
MCAR_RandomSensorFailures,MCAR,10,504,17727,1810,0.1021041349354092,10.21
MCAR_RandomSensorFailures,MCAR,10,505,9861,1023,0.1037420139945238,10.37
MCAR_RandomSensorFailures,MCAR,10,506,14516,1537,0.1058831634058969,10.59
MCAR_RandomSensorFailures,MCAR,10,507,13471,1387,0.1029619181946403,10.3
MCAR_RandomSensorFailures,MCAR,10,508,14839,1500,0.1010849787721544,10.11
MCAR_RandomSensorFailures,MCAR,10,509,13756,1402,0.1019191625472521,10.19
MCAR_RandomSensorFailures,MCAR,10,510,14060,1480,0.1052631578947368,10.53
MCAR_RandomSensorFailures,MCAR,10,511,14687,1488,0.1013140872880778,10.13
MCAR_RandomSensorFailures,MCAR,10,512,12502,1289,0.1031035034394496,10.31
MCAR_RandomSensorFailures,MCAR,10,513,13965,1422,0.1018259935553168,10.18
MCAR_RandomSensorFailures,MCAR,10,514,11381,1194,0.1049116949301467,10.49
MCAR_RandomSensorFailures,MCAR,10,515,18278,1882,0.1029653134916292,10.3
MCAR_RandomSensorFailures,MCAR,10,516,15086,1515,0.1004242343895002,10.04
MCAR_RandomSensorFailures,MCAR,10,517,16435,1656,0.1007605719501064,10.08
MCAR_RandomSensorFailures,MCAR,10,518,16283,1651,0.1013940919977891,10.14
MCAR_RandomSensorFailures,MCAR,20,501,12141,2432,0.2003129890453834,20.03
MCAR_RandomSensorFailures,MCAR,20,502,15238,3054,0.2004200026250164,20.04
MCAR_RandomSensorFailures,MCAR,20,503,13623,2743,0.2013506569771709,20.14
MCAR_RandomSensorFailures,MCAR,20,504,17727,3565,0.2011056580357646,20.11
MCAR_RandomSensorFailures,MCAR,20,505,9861,2020,0.2048473785620119,20.48
MCAR_RandomSensorFailures,MCAR,20,506,14516,2911,0.2005373381096721,20.05
MCAR_RandomSensorFailures,MCAR,20,507,13471,2723,0.2021379259149283,20.21
MCAR_RandomSensorFailures,MCAR,20,508,14839,2983,0.2010243277848911,20.1
MCAR_RandomSensorFailures,MCAR,20,509,13756,2804,0.2038383250945042,20.38
MCAR_RandomSensorFailures,MCAR,20,510,14060,2831,0.2013513513513513,20.14
MCAR_RandomSensorFailures,MCAR,20,511,14687,2961,0.2016068632123646,20.16
MCAR_RandomSensorFailures,MCAR,20,512,12502,2541,0.2032474804031355,20.32
MCAR_RandomSensorFailures,MCAR,20,513,13965,2799,0.2004296455424275,20.04
MCAR_RandomSensorFailures,MCAR,20,514,11381,2370,0.208241806519638,20.82
MCAR_RandomSensorFailures,MCAR,20,515,18278,3685,0.2016084910821753,20.16
MCAR_RandomSensorFailures,MCAR,20,516,15086,3042,0.2016439082593132,20.16
MCAR_RandomSensorFailures,MCAR,20,517,16435,3324,0.2022512929723151,20.23
MCAR_RandomSensorFailures,MCAR,20,518,16283,3285,0.2017441503408462,20.17
MCAR_RandomSensorFailures,MCAR,30,501,12141,3653,0.300881311259369,30.09
MCAR_RandomSensorFailures,MCAR,30,502,15238,4620,0.3031893949337183,30.32
MCAR_RandomSensorFailures,MCAR,30,503,13623,4100,0.3009616090435293,30.1
MCAR_RandomSensorFailures,MCAR,30,504,17727,5372,0.3030405595983528,30.3
MCAR_RandomSensorFailures,MCAR,30,505,9861,2970,0.3011864922421661,30.12
MCAR_RandomSensorFailures,MCAR,30,506,14516,4365,0.3007026729126481,30.07
MCAR_RandomSensorFailures,MCAR,30,507,13471,4065,0.3017593348674931,30.18
MCAR_RandomSensorFailures,MCAR,30,508,14839,4469,0.3011658467551721,30.12
MCAR_RandomSensorFailures,MCAR,30,509,13756,4185,0.3042308810700785,30.42
MCAR_RandomSensorFailures,MCAR,30,510,14060,4241,0.3016358463726885,30.16
MCAR_RandomSensorFailures,MCAR,30,511,14687,4409,0.3001974535303329,30.02
MCAR_RandomSensorFailures,MCAR,30,512,12502,3759,0.3006718924972004,30.07
MCAR_RandomSensorFailures,MCAR,30,513,13965,4270,0.3057644110275689,30.58
MCAR_RandomSensorFailures,MCAR,30,514,11381,3452,0.3033125384412617,30.33
MCAR_RandomSensorFailures,MCAR,30,515,18278,5502,0.3010176168070905,30.1
MCAR_RandomSensorFailures,MCAR,30,516,15086,4566,0.3026647222590481,30.27
MCAR_RandomSensorFailures,MCAR,30,517,16435,4951,0.3012473379981746,30.12
MCAR_RandomSensorFailures,MCAR,30,518,16283,4911,0.3016028987287354,30.16
MCAR_ConnectionIssues,MCAR,10,501,12141,1406,0.1158059467918622,11.58
MCAR_ConnectionIssues,MCAR,10,502,15238,1577,0.1034912718204488,10.35
MCAR_ConnectionIssues,MCAR,10,503,13623,1368,0.100418410041841,10.04
MCAR_ConnectionIssues,MCAR,10,504,17727,1919,0.1082529474812433,10.83
MCAR_ConnectionIssues,MCAR,10,505,9861,1083,0.1098265895953757,10.98
MCAR_ConnectionIssues,MCAR,10,506,14516,1539,0.1060209424083769,10.6
MCAR_ConnectionIssues,MCAR,10,507,13471,1539,0.1142454160789844,11.42
MCAR_ConnectionIssues,MCAR,10,508,14839,1520,0.1024327784891165,10.24
MCAR_ConnectionIssues,MCAR,10,509,13756,1425,0.1035911602209944,10.36
MCAR_ConnectionIssues,MCAR,10,510,14060,1634,0.1162162162162162,11.62
MCAR_ConnectionIssues,MCAR,10,511,14687,1520,0.1034928848641656,10.35
MCAR_ConnectionIssues,MCAR,10,512,12502,1330,0.1063829787234042,10.64
MCAR_ConnectionIssues,MCAR,10,513,13965,1425,0.1020408163265306,10.2
MCAR_ConnectionIssues,MCAR,10,514,11381,1254,0.1101836393989983,11.02
MCAR_ConnectionIssues,MCAR,10,515,18278,1938,0.106029106029106,10.6
MCAR_ConnectionIssues,MCAR,10,516,15086,1615,0.1070528967254408,10.71
MCAR_ConnectionIssues,MCAR,10,517,16435,1710,0.1040462427745664,10.4
MCAR_ConnectionIssues,MCAR,10,518,16283,1729,0.1061843640606767,10.62
MCAR_ConnectionIssues,MCAR,20,501,12141,2470,0.2034428794992175,20.34
MCAR_ConnectionIssues,MCAR,20,502,15238,3192,0.2094763092269326,20.95
MCAR_ConnectionIssues,MCAR,20,503,13623,2736,0.200836820083682,20.08
MCAR_ConnectionIssues,MCAR,20,504,17727,3762,0.2122186495176848,21.22
MCAR_ConnectionIssues,MCAR,20,505,9861,2109,0.2138728323699422,21.39
MCAR_ConnectionIssues,MCAR,20,506,14516,2926,0.2015706806282722,20.16
MCAR_ConnectionIssues,MCAR,20,507,13471,2774,0.2059238363892807,20.59
MCAR_ConnectionIssues,MCAR,20,508,14839,3078,0.2074263764404609,20.74
MCAR_ConnectionIssues,MCAR,20,509,13756,2964,0.2154696132596685,21.55
MCAR_ConnectionIssues,MCAR,20,510,14060,2831,0.2013513513513513,20.14
MCAR_ConnectionIssues,MCAR,20,511,14687,2945,0.2005174644243208,20.05
MCAR_ConnectionIssues,MCAR,20,512,12502,2660,0.2127659574468085,21.28
MCAR_ConnectionIssues,MCAR,20,513,13965,2812,0.201360544217687,20.14
MCAR_ConnectionIssues,MCAR,20,514,11381,2337,0.2053422370617696,20.53
MCAR_ConnectionIssues,MCAR,20,515,18278,3819,0.2089397089397089,20.89
MCAR_ConnectionIssues,MCAR,20,516,15086,3021,0.2002518891687657,20.03
MCAR_ConnectionIssues,MCAR,20,517,16435,3344,0.2034682080924855,20.35
MCAR_ConnectionIssues,MCAR,20,518,16283,3306,0.2030338389731621,20.3
MCAR_ConnectionIssues,MCAR,30,501,12141,3705,0.3051643192488263,30.52
MCAR_ConnectionIssues,MCAR,30,502,15238,4693,0.3079800498753117,30.8
MCAR_ConnectionIssues,MCAR,30,503,13623,4351,0.3193863319386332,31.94
MCAR_ConnectionIssues,MCAR,30,504,17727,5472,0.3086816720257235,30.87
MCAR_ConnectionIssues,MCAR,30,505,9861,3116,0.3159922928709056,31.6
MCAR_ConnectionIssues,MCAR,30,506,14516,4370,0.3010471204188482,30.1
MCAR_ConnectionIssues,MCAR,30,507,13471,4066,0.3018335684062059,30.18
MCAR_ConnectionIssues,MCAR,30,508,14839,4598,0.3098591549295774,30.99
MCAR_ConnectionIssues,MCAR,30,509,13756,4256,0.3093922651933701,30.94
MCAR_ConnectionIssues,MCAR,30,510,14060,4351,0.3094594594594594,30.95
MCAR_ConnectionIssues,MCAR,30,511,14687,4484,0.3053040103492885,30.53
MCAR_ConnectionIssues,MCAR,30,512,12502,3838,0.3069908814589666,30.7
MCAR_ConnectionIssues,MCAR,30,513,13965,4199,0.3006802721088435,30.07
MCAR_ConnectionIssues,MCAR,30,514,11381,3553,0.3121869782971619,31.22
MCAR_ConnectionIssues,MCAR,30,515,18278,5605,0.3066528066528066,30.67
MCAR_ConnectionIssues,MCAR,30,516,15086,4636,0.3073047858942065,30.73
MCAR_ConnectionIssues,MCAR,30,517,16435,4940,0.3005780346820809,30.06
MCAR_ConnectionIssues,MCAR,30,518,16283,4902,0.3010501750291715,30.11
MAR_ActivityDependent,MAR,10,501,12141,1039,0.0855777942508854,8.56
MAR_ActivityDependent,MAR,10,502,15238,1304,0.0855755348470928,8.56
MAR_ActivityDependent,MAR,10,503,13623,1085,0.0796447184907876,7.96
MAR_ActivityDependent,MAR,10,504,17727,1416,0.0798781519715687,7.99
MAR_ActivityDependent,MAR,10,505,9861,785,0.0796065307778115,7.96
MAR_ActivityDependent,MAR,10,506,14516,1255,0.0864563240562138,8.65
MAR_ActivityDependent,MAR,10,507,13471,1129,0.0838096652067404,8.38
MAR_ActivityDependent,MAR,10,508,14839,1301,0.0876743715883819,8.77
MAR_ActivityDependent,MAR,10,509,13756,1119,0.0813463216051177,8.13
MAR_ActivityDependent,MAR,10,510,14060,1185,0.0842816500711237,8.43
MAR_ActivityDependent,MAR,10,511,14687,1244,0.0847007557704092,8.47
MAR_ActivityDependent,MAR,10,512,12502,1032,0.0825467925131979,8.25
MAR_ActivityDependent,MAR,10,513,13965,1139,0.0815610454708199,8.16
MAR_ActivityDependent,MAR,10,514,11381,1003,0.0881293383709691,8.81
MAR_ActivityDependent,MAR,10,515,18278,1484,0.0811905022431338,8.12
MAR_ActivityDependent,MAR,10,516,15086,1228,0.0813999734853506,8.14
MAR_ActivityDependent,MAR,10,517,16435,1380,0.0839671432917554,8.4
MAR_ActivityDependent,MAR,10,518,16283,1484,0.0911379966836578,9.11
MAR_ActivityDependent,MAR,20,501,12141,1733,0.1427394778024874,14.27
MAR_ActivityDependent,MAR,20,502,15238,2143,0.1406352539703373,14.06
MAR_ActivityDependent,MAR,20,503,13623,1858,0.1363869925860676,13.64
MAR_ActivityDependent,MAR,20,504,17727,2316,0.1306481638179049,13.06
MAR_ActivityDependent,MAR,20,505,9861,1293,0.1311226041983571,13.11
MAR_ActivityDependent,MAR,20,506,14516,2097,0.1444612841003031,14.45
MAR_ActivityDependent,MAR,20,507,13471,1869,0.1387424838542053,13.87
MAR_ActivityDependent,MAR,20,508,14839,2181,0.1469775591347125,14.7
MAR_ActivityDependent,MAR,20,509,13756,1916,0.1392846757778424,13.93
MAR_ActivityDependent,MAR,20,510,14060,1960,0.139402560455192,13.94
MAR_ActivityDependent,MAR,20,511,14687,2064,0.1405324436576564,14.05
MAR_ActivityDependent,MAR,20,512,12502,1679,0.1342985122380419,13.43
MAR_ActivityDependent,MAR,20,513,13965,1922,0.1376297887576083,13.76
MAR_ActivityDependent,MAR,20,514,11381,1632,0.1433968895527634,14.34
MAR_ActivityDependent,MAR,20,515,18278,2502,0.136885873727979,13.69
MAR_ActivityDependent,MAR,20,516,15086,2080,0.1378761765875646,13.79
MAR_ActivityDependent,MAR,20,517,16435,2311,0.140614542135686,14.06
MAR_ActivityDependent,MAR,20,518,16283,2454,0.1507093287477737,15.07
MAR_ActivityDependent,MAR,30,501,12141,1733,0.1427394778024874,14.27
MAR_ActivityDependent,MAR,30,502,15238,2143,0.1406352539703373,14.06
MAR_ActivityDependent,MAR,30,503,13623,1858,0.1363869925860676,13.64
MAR_ActivityDependent,MAR,30,504,17727,2316,0.1306481638179049,13.06
MAR_ActivityDependent,MAR,30,505,9861,1293,0.1311226041983571,13.11
MAR_ActivityDependent,MAR,30,506,14516,2097,0.1444612841003031,14.45
MAR_ActivityDependent,MAR,30,507,13471,1869,0.1387424838542053,13.87
MAR_ActivityDependent,MAR,30,508,14839,2181,0.1469775591347125,14.7
MAR_ActivityDependent,MAR,30,509,13756,1916,0.1392846757778424,13.93
MAR_ActivityDependent,MAR,30,510,14060,1960,0.139402560455192,13.94
MAR_ActivityDependent,MAR,30,511,14687,2064,0.1405324436576564,14.05
MAR_ActivityDependent,MAR,30,512,12502,1679,0.1342985122380419,13.43
MAR_ActivityDependent,MAR,30,513,13965,1922,0.1376297887576083,13.76
MAR_ActivityDependent,MAR,30,514,11381,1632,0.1433968895527634,14.34
MAR_ActivityDependent,MAR,30,515,18278,2502,0.136885873727979,13.69
MAR_ActivityDependent,MAR,30,516,15086,2080,0.1378761765875646,13.79
MAR_ActivityDependent,MAR,30,517,16435,2311,0.140614542135686,14.06
MAR_ActivityDependent,MAR,30,518,16283,2454,0.1507093287477737,15.07
MAR_BatteryDepletion,MAR,10,501,12141,634,0.0522197512560744,5.22
MAR_BatteryDepletion,MAR,10,502,15238,801,0.0525659535372096,5.26
MAR_BatteryDepletion,MAR,10,503,13623,717,0.0526315789473684,5.26
MAR_BatteryDepletion,MAR,10,504,17727,937,0.0528572234444632,5.29
MAR_BatteryDepletion,MAR,10,505,9861,514,0.0521245309806307,5.21
MAR_BatteryDepletion,MAR,10,506,14516,762,0.0524937999448884,5.25
MAR_BatteryDepletion,MAR,10,507,13471,705,0.0523346447925172,5.23
MAR_BatteryDepletion,MAR,10,508,14839,777,0.052362019003976,5.24
MAR_BatteryDepletion,MAR,10,509,13756,721,0.0524134922942715,5.24
MAR_BatteryDepletion,MAR,10,510,14060,738,0.0524893314366998,5.25
MAR_BatteryDepletion,MAR,10,511,14687,769,0.0523592292503574,5.24
MAR_BatteryDepletion,MAR,10,512,12502,657,0.0525515917453207,5.26
MAR_BatteryDepletion,MAR,10,513,13965,738,0.0528464017185821,5.28
MAR_BatteryDepletion,MAR,10,514,11381,597,0.0524558474650733,5.25
MAR_BatteryDepletion,MAR,10,515,18278,961,0.052576868366342,5.26
MAR_BatteryDepletion,MAR,10,516,15086,794,0.0526315789473684,5.26
MAR_BatteryDepletion,MAR,10,517,16435,865,0.0526315789473684,5.26
MAR_BatteryDepletion,MAR,10,518,16283,858,0.0526929926917644,5.27
MAR_BatteryDepletion,MAR,20,501,12141,1281,0.1055102545095132,10.55
MAR_BatteryDepletion,MAR,20,502,15238,1617,0.1061162882268014,10.61
MAR_BatteryDepletion,MAR,20,503,13623,1441,0.1057769947882257,10.58
MAR_BatteryDepletion,MAR,20,504,17727,1881,0.1061093247588424,10.61
MAR_BatteryDepletion,MAR,20,505,9861,1041,0.1055673866747794,10.56
MAR_BatteryDepletion,MAR,20,506,14516,1537,0.1058831634058969,10.59
MAR_BatteryDepletion,MAR,20,507,13471,1425,0.1057827926657263,10.58
MAR_BatteryDepletion,MAR,20,508,14839,1569,0.1057348877956735,10.57
MAR_BatteryDepletion,MAR,20,509,13756,1458,0.1059901134050596,10.6
MAR_BatteryDepletion,MAR,20,510,14060,1489,0.1059032716927453,10.59
MAR_BatteryDepletion,MAR,20,511,14687,1557,0.1060121195615169,10.6
MAR_BatteryDepletion,MAR,20,512,12502,1321,0.1056630939049752,10.57
MAR_BatteryDepletion,MAR,20,513,13965,1482,0.1061224489795918,10.61
MAR_BatteryDepletion,MAR,20,514,11381,1201,0.1055267551181794,10.55
MAR_BatteryDepletion,MAR,20,515,18278,1938,0.106029106029106,10.6
MAR_BatteryDepletion,MAR,20,516,15086,1602,0.1061911706217685,10.62
MAR_BatteryDepletion,MAR,20,517,16435,1746,0.1062366899908731,10.62
MAR_BatteryDepletion,MAR,20,518,16283,1729,0.1061843640606767,10.62
MAR_BatteryDepletion,MAR,30,501,12141,1929,0.1588831233012107,15.89
MAR_BatteryDepletion,MAR,30,502,15238,2425,0.1591416196351227,15.91
MAR_BatteryDepletion,MAR,30,503,13623,2169,0.1592160317110768,15.92
MAR_BatteryDepletion,MAR,30,504,17727,2826,0.1594178371974953,15.94
MAR_BatteryDepletion,MAR,30,505,9861,1569,0.1591116519622756,15.91
MAR_BatteryDepletion,MAR,30,506,14516,2314,0.1594103058693855,15.94
MAR_BatteryDepletion,MAR,30,507,13471,2145,0.1592309405389355,15.92
MAR_BatteryDepletion,MAR,30,508,14839,2361,0.1591077565873711,15.91
MAR_BatteryDepletion,MAR,30,509,13756,2194,0.1594940389648153,15.95
MAR_BatteryDepletion,MAR,30,510,14060,2241,0.1593883357041251,15.94
MAR_BatteryDepletion,MAR,30,511,14687,2337,0.1591203104786546,15.91
MAR_BatteryDepletion,MAR,30,512,12502,1994,0.1594944808830587,15.95
MAR_BatteryDepletion,MAR,30,513,13965,2226,0.1593984962406015,15.94
MAR_BatteryDepletion,MAR,30,514,11381,1809,0.1589491257358755,15.89
MAR_BatteryDepletion,MAR,30,515,18278,2914,0.1594266331108436,15.94
MAR_BatteryDepletion,MAR,30,516,15086,2401,0.1591541826859339,15.92
MAR_BatteryDepletion,MAR,30,517,16435,2617,0.1592333434742926,15.92
MAR_BatteryDepletion,MAR,30,518,16283,2594,0.1593072529632131,15.93
MNAR_ValueDependent,MNAR,10,501,12141,180,0.0148257968865826,1.48
MNAR_ValueDependent,MNAR,10,502,15238,248,0.0162751017193857,1.63
MNAR_ValueDependent,MNAR,10,503,13623,259,0.0190119650590912,1.9
MNAR_ValueDependent,MNAR,10,504,17727,267,0.0150617701810797,1.51
MNAR_ValueDependent,MNAR,10,505,9861,166,0.01683399249569,1.68
MNAR_ValueDependent,MNAR,10,506,14516,277,0.019082391843483,1.91
MNAR_ValueDependent,MNAR,10,507,13471,226,0.0167767797490906,1.68
MNAR_ValueDependent,MNAR,10,508,14839,266,0.0179257362355953,1.79
MNAR_ValueDependent,MNAR,10,509,13756,238,0.0173015411456818,1.73
MNAR_ValueDependent,MNAR,10,510,14060,285,0.0202702702702702,2.03
MNAR_ValueDependent,MNAR,10,511,14687,318,0.0216518009123714,2.17
MNAR_ValueDependent,MNAR,10,512,12502,254,0.0203167493201087,2.03
MNAR_ValueDependent,MNAR,10,513,13965,233,0.0166845685642678,1.67
MNAR_ValueDependent,MNAR,10,514,11381,163,0.0143221158070468,1.43
MNAR_ValueDependent,MNAR,10,515,18278,324,0.017726228252544,1.77
MNAR_ValueDependent,MNAR,10,516,15086,231,0.0153122099960228,1.53
MNAR_ValueDependent,MNAR,10,517,16435,297,0.0180711895345299,1.81
MNAR_ValueDependent,MNAR,10,518,16283,292,0.0179328133636307,1.79
MNAR_ValueDependent,MNAR,20,501,12141,333,0.0274277242401779,2.74
MNAR_ValueDependent,MNAR,20,502,15238,502,0.0329439558997243,3.29
MNAR_ValueDependent,MNAR,20,503,13623,540,0.0396388460691477,3.96
MNAR_ValueDependent,MNAR,20,504,17727,521,0.0293901957466012,2.94
MNAR_ValueDependent,MNAR,20,505,9861,352,0.0356961768583308,3.57
MNAR_ValueDependent,MNAR,20,506,14516,513,0.0353403141361256,3.53
MNAR_ValueDependent,MNAR,20,507,13471,478,0.0354836315047138,3.55
MNAR_ValueDependent,MNAR,20,508,14839,509,0.0343015027966844,3.43
MNAR_ValueDependent,MNAR,20,509,13756,481,0.0349665600465251,3.5
MNAR_ValueDependent,MNAR,20,510,14060,548,0.0389758179231863,3.9
MNAR_ValueDependent,MNAR,20,511,14687,639,0.0435078640975011,4.35
MNAR_ValueDependent,MNAR,20,512,12502,515,0.0411934090545512,4.12
MNAR_ValueDependent,MNAR,20,513,13965,469,0.0335839598997493,3.36
MNAR_ValueDependent,MNAR,20,514,11381,316,0.0277655742026184,2.78
MNAR_ValueDependent,MNAR,20,515,18278,668,0.0365466681256154,3.65
MNAR_ValueDependent,MNAR,20,516,15086,462,0.0306244199920456,3.06
MNAR_ValueDependent,MNAR,20,517,16435,578,0.0351688469729236,3.52
MNAR_ValueDependent,MNAR,20,518,16283,553,0.0339618006509856,3.4
MNAR_ValueDependent,MNAR,30,501,12141,484,0.0398649205172555,3.99
MNAR_ValueDependent,MNAR,30,502,15238,751,0.0492846830292689,4.93
MNAR_ValueDependent,MNAR,30,503,13623,801,0.0587976216692358,5.88
MNAR_ValueDependent,MNAR,30,504,17727,811,0.0457494217859761,4.57
MNAR_ValueDependent,MNAR,30,505,9861,519,0.0526315789473684,5.26
MNAR_ValueDependent,MNAR,30,506,14516,767,0.0528382474510884,5.28
MNAR_ValueDependent,MNAR,30,507,13471,718,0.0532996807957835,5.33
MNAR_ValueDependent,MNAR,30,508,14839,758,0.051081609272862,5.11
MNAR_ValueDependent,MNAR,30,509,13756,712,0.0517592323349811,5.18
MNAR_ValueDependent,MNAR,30,510,14060,802,0.0570412517780938,5.7
MNAR_ValueDependent,MNAR,30,511,14687,925,0.0629808674337849,6.3
MNAR_ValueDependent,MNAR,30,512,12502,724,0.0579107342825147,5.79
MNAR_ValueDependent,MNAR,30,513,13965,715,0.0511994271392767,5.12
MNAR_ValueDependent,MNAR,30,514,11381,457,0.0401546437044196,4.02
MNAR_ValueDependent,MNAR,30,515,18278,991,0.0542181857971331,5.42
MNAR_ValueDependent,MNAR,30,516,15086,668,0.0442794644040832,4.43
MNAR_ValueDependent,MNAR,30,517,16435,881,0.0536051110435047,5.36
MNAR_ValueDependent,MNAR,30,518,16283,792,0.0486396855616286,4.86
MNAR_RangeLimitation,MNAR,10,501,12141,1215,0.1000741289844329,10.01
MNAR_RangeLimitation,MNAR,10,502,15238,1557,0.1021787636172726,10.22
MNAR_RangeLimitation,MNAR,10,503,13623,1368,0.100418410041841,10.04
MNAR_RangeLimitation,MNAR,10,504,17727,1786,0.1007502679528403,10.08
MNAR_RangeLimitation,MNAR,10,505,9861,988,0.1001926782273603,10.02
MNAR_RangeLimitation,MNAR,10,506,14516,1423,0.0980297602645356,9.8
MNAR_RangeLimitation,MNAR,10,507,13471,1354,0.1005122114171182,10.05
MNAR_RangeLimitation,MNAR,10,508,14839,1482,0.0998719590268886,9.99
MNAR_RangeLimitation,MNAR,10,509,13756,1406,0.1022099447513812,10.22
MNAR_RangeLimitation,MNAR,10,510,14060,1406,0.1,10.0
MNAR_RangeLimitation,MNAR,10,511,14687,1482,0.1009055627425614,10.09
MNAR_RangeLimitation,MNAR,10,512,12502,1254,0.1003039513677811,10.03
MNAR_RangeLimitation,MNAR,10,513,13965,1406,0.1006802721088435,10.07
MNAR_RangeLimitation,MNAR,10,514,11381,1140,0.1001669449081803,10.02
MNAR_RangeLimitation,MNAR,10,515,18278,1852,0.1013239960608381,10.13
MNAR_RangeLimitation,MNAR,10,516,15086,1520,0.1007556675062972,10.08
MNAR_RangeLimitation,MNAR,10,517,16435,1672,0.1017341040462427,10.17
MNAR_RangeLimitation,MNAR,10,518,16283,1634,0.1003500583430571,10.04
MNAR_RangeLimitation,MNAR,20,501,12141,2432,0.2003129890453834,20.03
MNAR_RangeLimitation,MNAR,20,502,15238,3078,0.2019950124688279,20.2
MNAR_RangeLimitation,MNAR,20,503,13623,2736,0.200836820083682,20.08
MNAR_RangeLimitation,MNAR,20,504,17727,3572,0.2015005359056806,20.15
MNAR_RangeLimitation,MNAR,20,505,9861,1976,0.2003853564547206,20.04
MNAR_RangeLimitation,MNAR,20,506,14516,2926,0.2015706806282722,20.16
MNAR_RangeLimitation,MNAR,20,507,13471,2698,0.2002820874471086,20.03
MNAR_RangeLimitation,MNAR,20,508,14839,2964,0.1997439180537772,19.97
MNAR_RangeLimitation,MNAR,20,509,13756,2774,0.2016574585635359,20.17
MNAR_RangeLimitation,MNAR,20,510,14060,2812,0.2,20.0
MNAR_RangeLimitation,MNAR,20,511,14687,2963,0.2017430380608701,20.17
MNAR_RangeLimitation,MNAR,20,512,12502,2508,0.2006079027355623,20.06
MNAR_RangeLimitation,MNAR,20,513,13965,2812,0.201360544217687,20.14
MNAR_RangeLimitation,MNAR,20,514,11381,2280,0.2003338898163606,20.03
MNAR_RangeLimitation,MNAR,20,515,18278,3686,0.2016632016632016,20.17
MNAR_RangeLimitation,MNAR,20,516,15086,3040,0.2015113350125944,20.15
MNAR_RangeLimitation,MNAR,20,517,16435,3306,0.2011560693641618,20.12
MNAR_RangeLimitation,MNAR,20,518,16283,3268,0.2007001166861143,20.07
MNAR_RangeLimitation,MNAR,30,501,12141,3647,0.3003871180298163,30.04
MNAR_RangeLimitation,MNAR,30,502,15238,4598,0.3017456359102244,30.17
MNAR_RangeLimitation,MNAR,30,503,13623,4104,0.301255230125523,30.13
MNAR_RangeLimitation,MNAR,30,504,17727,5320,0.30010718113612,30.01
MNAR_RangeLimitation,MNAR,30,505,9861,2964,0.3005780346820809,30.06
MNAR_RangeLimitation,MNAR,30,506,14516,4370,0.3010471204188482,30.1
MNAR_RangeLimitation,MNAR,30,507,13471,4066,0.3018335684062059,30.18
MNAR_RangeLimitation,MNAR,30,508,14839,4446,0.2996158770806658,29.96
MNAR_RangeLimitation,MNAR,30,509,13756,4142,0.3011049723756906,30.11
MNAR_RangeLimitation,MNAR,30,510,14060,4218,0.3,30.0
MNAR_RangeLimitation,MNAR,30,511,14687,4408,0.3001293661060802,30.01
MNAR_RangeLimitation,MNAR,30,512,12502,3762,0.3009118541033435,30.09
MNAR_RangeLimitation,MNAR,30,513,13965,4218,0.3020408163265306,30.2
MNAR_RangeLimitation,MNAR,30,514,11381,3417,0.3002372375010983,30.02
MNAR_RangeLimitation,MNAR,30,515,18278,5510,0.3014553014553014,30.15
MNAR_RangeLimitation,MNAR,30,516,15086,4522,0.2997481108312342,29.97
MNAR_RangeLimitation,MNAR,30,517,16435,4940,0.3005780346820809,30.06
MNAR_RangeLimitation,MNAR,30,518,16283,4902,0.3010501750291715,30.11
